"","X","X03.31.2012","X03.31.2011","X12.31.2011","X12.31.2010","X12.31.2009","X","RATIO","5%","10%","25%","50%","75%","90%","95%","Count"
"2","Div Paid/Inc Before Undist Inc","66.50","155.60","68.74","73.55","106.22 "," Div Paid/Inc Before Undist Inc","66.49","0.00","0.00","16.58","45.48","105.57","167.66","226.34","56 "
"3","Dividends Paid/Net Income","25.25","23.61","23.86","35.75","59.69 "," Dividends Paid/Net Income","25.24","0.00","0.00","1.65","25.27","44.39","70.38","91.47","84 "
"4","Net Income - Dividends/Avg Equity","5.52","5.16","4.78","3.13","-7.11 "," Net Income - Dividends/Avg Equity","5.52","-1.86","0.28","2.50","5.46","8.05","10.45","15.08","88 "
"6","PERCENT OF DIVIDENDS PAID: ",NA,NA,NA,NA,NA," PERCENT OF DIVIDENDS PAID: ","","","","","",NA,NA,NA,NA
"7","  Dividends From Bank Subs","116.67","64.20","117.47","83.88","59.06 ","Dividends From Bank Subs","116.67","0.00","0.00","0.00","59.81","148.03","419.52","888.42","68 "
"8","  Dividends From Nonbank Subs","7.94","4.48","17.65","12.50","7.65 ","Dividends From Nonbank Subs","7.93","0.00","0.00","0.00","0.00","6.41","44.60","93.71","68 "
"9","  Dividends From Subsidiary BHCs","20.42","13.73","45.00","32.86","7.04 ","Dividends From Subsidiary BHCs","20.42","0.00","0.00","0.00","0.00","0.00","123.95","245.91","68 "
"10","Dividends From All Subsidiaries","223.87","135.78","232.45","187.24","85.50 ","Dividends From All Subsidiaries","223.86","0.00","0.00","9.11","122.14","266.81  101,2.93  136,8.35",NA,NA,"68 "
"12","PAYOUT RATIOS - SUBSIDIARIES: ",NA,NA,NA,NA,NA," PAYOUT RATIOS - SUBSIDIARIES: ","","","","","",NA,NA,NA,NA
"13","  PERCENT OF BANK NET INCOME: ",NA,NA,NA,NA,NA,"PERCENT OF BANK NET INCOME: ","","","","","",NA,NA,NA,NA
"14","Dividends From Bank Subs","38.28","26.77","36.33","27.49","60.02 ","Dividends From Bank Subs","38.27","0.00","0.00","0.00","36.61","67.18","103.09","150.81","64 "
"15","Interest Income From Bank Subs","0.69","1.56","1.09","2.76","2.70 ","Interest Income From Bank Subs","0.68","0.00","0.00","0.00","0.06","0.50","3.98","6.37","64 "
"16","Mgt & Service Fees From Bank Subs","2.95","4.42","5.64","6.45","17.80 ","Mgt & Service Fees From Bank Subs","2.94","0.00","0.00","0.00","0.00","0.46","16.79","41.37","64 "
"17","Other Income From Bank Subs","0.00","0.00","0.02","0.36","0.55 ","Other Income From Bank Subs","0.00","0.00","0.00","0.00","0.00","0.00","0.00","0.00","64 "
"18","Operating Income From Bank Subs","48.80","36.82","50.12","57.67","86.13 ","Operating Income From Bank Subs","48.79","0.00","0.05","1.74","48.25","80.20","116.06","151.13","64 "
"20","  PERCENT OF NONBANK NET INCOME: ",NA,NA,NA,NA,NA,"PERCENT OF NONBANK NET INCOME: ","","","","","",NA,NA,NA,NA
"21","Dividends From Nonbank Subs","29.44","24.45","67.04","53.42","66.78 ","Dividends From Nonbank Subs","29.43","0.00","0.00","0.00","0.01","66.73","103.90","125.27","55 "
"22","Interest Income From Nonbank Subs","10.68","10.46","15.69","15.92","61.03 ","Interest Income From Nonbank Subs","10.67","0.00","0.00","0.00","0.87","14.21","54.74","65.82","55 "
"23","Mgt & Serv Fees From Nonbank Subs","3.07","2.96","2.98","5.72","4.56 ","Mgt & Serv Fees From Nonbank Subs","3.07","0.00","0.00","0.00","0.00","0.56","14.18","33.22","55 "
"24","Other Income From Nonbank Subs","0.63","0.78","0.52","0.09","0.99 ","Other Income From Nonbank Subs","0.62","0.00","0.00","0.00","0.00","0.00","0.40","9.69","55 "
"25","Operating Inc From Nonbank Subs","61.79","46.15","107.00","97.25","145.41 ","Operating Inc From Nonbank Subs","61.79","0.00","0.00","1.22","24.74","100.00","176.54","296.50","55 "
"26","  PERCENT OF SUB BHCs' NET INCOME: ",NA,NA,NA,NA,NA,"PERCENT OF SUB BHCs' NET INCOME: ","","","","","",NA,NA,NA,NA
"27","Dividends From Subsidiary BHCs","23.56","18.69","47.86","50.38","42.02 ","Dividends From Subsidiary BHCs","23.55","0.00","0.00","0.00","0.00","45.84","79.06","94.08","30 "
"28","Interest Inc From Subsidiary BHCs","0.59","0.59","1.02","1.39","1.41 ","Interest Inc From Subsidiary BHCs","0.58","0.00","0.00","0.00","0.00","0.01","3.01","4.59","30 "
"29","Mgt & Serv Fees From Sub BHCs","1.05","1.41","1.15","2.41","2.35 ","Mgt & Serv Fees From Sub BHCs","1.04","0.00","0.00","0.00","0.00","0.00","4.21","13.07","30 "
"30","Other Income From Subsidiary BHCs","0.00","0.00","0.00","0.00","0.00 ","Other Income From Subsidiary BHCs","0.00","0.00","0.00","0.00","0.00","0.00","0.00","0.00","30 "
"31","Operating Income From Sub BHCs","26.63","22.10","51.44","54.18","45.78 ","Operating Income From Sub BHCs","26.62","0.00","0.00","0.00","14.51","45.90","89.88","103.57","30 "
"33","DEPENDENCE ON SUBSIDIARIES: ",NA,NA,NA,NA,NA," DEPENDENCE ON SUBSIDIARIES: ","","","","","",NA,NA,NA,NA
"34","  PERCENT OF TOTAL OPERATING INCOME: ",NA,NA,NA,NA,NA,"PERCENT OF TOTAL OPERATING INCOME: ","","","","","",NA,NA,NA,NA
"35","Dividends From Bank Subsidiaries","33.52","19.66","36.15","24.89","32.65 ","Dividends From Bank Subsidiaries","33.52","0.00","0.00","0.00","0.00","84.12","99.47","100.00","84 "
"36","Interest Income From Bank Subs","4.09","9.00","2.34","3.50","6.16 ","Interest Income From Bank Subs","4.09","0.00","0.00","0.00","0.08","3.10","26.57","52.39","84 "
"37","Mgt & Serv Fees From Bank Subs","2.80","6.61","5.15","10.18","7.20 ","Mgt & Serv Fees From Bank Subs","2.79","0.00","0.00","0.00","0.00","0.18","15.90","43.19","84 "
"38","Other Income From Bank Subs","0.00","0.00","0.00","0.01","0.03 ","Other Income From Bank Subs","0.00","0.00","0.00","0.00","0.00","0.00","0.00","0.00","84 "
"39","Operating Income From Bank Subs","50.81","44.49","52.12","46.82","54.97 ","Operating Income From Bank Subs","50.81","0.00","0.00","0.93","56.87","98.35","100.00","100.00","84 "
"41","Dividends From Nonbank Subs","3.20","3.03","6.87","8.28","5.57 ","Dividends From Nonbank Subs","3.20","0.00","0.00","0.00","0.00","1.76","16.33","38.92","84 "
"42","Interest Income From Nonbank Subs","3.70","6.30","3.21","4.14","4.19 ","Interest Income From Nonbank Subs","3.70","0.00","0.00","0.00","0.00","1.92","23.02","43.65","84 "
"43","Mgt & Serv Fees From Nonbank Subs","0.38","0.58","0.32","0.33","0.13 ","Mgt & Serv Fees From Nonbank Subs","0.38","0.00","0.00","0.00","0.00","0.00","2.55","5.38","84 "
"44","Other Income From Nonbank Subs","0.07","0.10","0.03","0.00","0.00 ","Other Income From Nonbank Subs","0.06","0.00","0.00","0.00","0.00","0.00","0.00","2.68","84 "
"45","Operating Inc From Nonbank Subs","11.13","15.39","13.97","16.65","12.90 ","Operating Inc From Nonbank Subs","11.12","0.00","0.00","0.00","1.61","21.28","42.81","82.79","84 "
"47","Dividends From Subsidiary BHCs","7.31","5.79","10.16","8.88","3.66 ","Dividends From Subsidiary BHCs","7.30","0.00","0.00","0.00","0.00","0.00","67.79","88.95","84 "
"48","Interest Inc From Subsidiary BHCs","0.12","0.42","0.26","0.26","0.71 ","Interest Inc From Subsidiary BHCs","0.12","0.00","0.00","0.00","0.00","0.00","0.13","3.52","84 "
"49","Mgt & Serv Fees From Sub BHCs","0.00","0.00","0.00","0.00","0.01 ","Mgt & Serv Fees From Sub BHCs","0.00","0.00","0.00","0.00","0.00","0.00","0.00","0.04","84 "
"50","Other Income From Subsidiary BHCs","0.00","0.00","0.00","0.00","0.00 ","Other Income From Subsidiary BHCs","0.00","0.00","0.00","0.00","0.00","0.00","0.00","0.00","84 "
"51","Operating Income From Sub BHCs","9.48","9.22","12.20","10.64","6.85 ","Operating Income From Sub BHCs","9.48","0.00","0.00","0.00","0.00","0.02","80.85","97.11","84 "
"53","  Loans and Adv From Subs/ST Debt","285.00","300.33","307.77","718.14","585.90 ","Loans and Adv From Subs/ST Debt","284.99","0.00","0.61","28.35","107.13","392.81","627.63  143,8.18",NA,"31 "
"54","  Loans and Adv From Subs/Total Debt","61.71","67.14","58.77","73.30","130.59 ","Loans and Adv From Subs/Total Debt","61.70","0.00","0.00","0.76","17.90","51.11","276.87","405.43","57 "
