"","X","X03.31.2012","X03.31.2011","X12.31.2011","X12.31.2010","X12.31.2009","X","RATIO","5%","10%","25%","50%","75%","90%","95%","Count"
"2","Number of BHCs in Peer Group","88","70","69","70","73 "," Number of BHCs in Peer Group","","",NA,NA,NA,NA,NA,NA,"88 "
"4","EARNINGS AND PROFITABILITY ",NA,NA,NA,NA,NA," EARNINGS AND PROFITABILITY ","","",NA,NA,NA,NA,NA,NA,NA
"6","PERCENT OF AVERAGE ASSETS: ",NA,NA,NA,NA,NA," PERCENT OF AVERAGE ASSETS: ","","",NA,NA,NA,NA,NA,NA,NA
"7","  Net Interest Income (TE)","2.94","3.02","3.04","3.04","2.85 ","Net Interest Income (TE)","2.93","1.06","1.36","2.37","3.08","3.39","3.94","4.77","88 "
"8","  + Non-interest Income","1.73","1.85","1.63","1.89","1.92 ","+ Non-interest Income","1.72","0.22","0.33","0.81","1.43","2.36","3.51","6.23","88 "
"9","  - Overhead Expense","3.16","3.18","3.18","3.19","3.28 ","- Overhead Expense","3.16","1.42","1.82","2.49","2.99","3.54","4.74","6.80","88 "
"10","  - Provision for Losses","0.33","0.58","0.49","1.10","1.96 ","- Provision for Losses","0.33","-0.01","0.00","0.10","0.25","0.50","0.94","1.03","88 "
"11","  + Securities Gains (Losses)","0.03","0.03","0.05","0.06","0.02 ","+ Securities Gains (Losses)","0.03","-0.05","-0.01","0.00","0.00","0.04","0.14","0.28","88 "
"12","  + Other Tax Equiv Adjustments","0.00","0.00","0.00","0.00","0.00 ","+ Other Tax Equiv Adjustments","0.00","-0.00","-0.00","0.00","0.00","0.00","0.00","0.01","88 "
"13","  = Pretax Net Oper Income (TE)","1.27","1.17","1.12","0.77","-0.39 ","= Pretax Net Oper Income (TE)","1.27","-0.25","0.29","0.79","1.19","1.74","2.26","2.95","88 "
"14","  Net Operating Income","0.83","0.76","0.72","0.51","-0.40 ","Net Operating Income","0.82","-0.32","0.21","0.53","0.77","1.12","1.46","1.83","88 "
"15","  Net Income","0.83","0.76","0.72","0.51","-0.38 ","Net Income","0.83","-0.11","0.22","0.53","0.77","1.12","1.46","1.83","88 "
"16","  Net Income (Sub S Adjusted)","0.11","N/A","N/A","N/A","N/A ","Net Income (Sub S Adjusted)","0.10","0.10","0.10","0.10","0.10","0.10","0.10","0.10","1 "
"18","PERCENT OF AVG EARNING ASSETS: ",NA,NA,NA,NA,NA," PERCENT OF AVG EARNING ASSETS: ","","",NA,NA,NA,NA,NA,NA,NA
"19","  Interest Income (TE)","4.16","4.36","4.31","4.54","4.70 ","Interest Income (TE)","4.16","1.67","2.94","3.62","4.09","4.63","5.31","6.74","88 "
"20","  Interest Expense","0.77","0.95","0.87","1.07","1.52 ","Interest Expense","0.77","0.19","0.24","0.46","0.65","1.07","1.58","1.82","88 "
"21","  Net Interest Income (TE)","3.34","3.36","3.38","3.39","3.16 ","Net Interest Income (TE)","3.33","1.22","1.53","2.88","3.37","3.87","4.42","5.56","88 "
"22","LOSSES, ALLOW, AND PAST DUE+NONACCR: ",NA,NA,NA,NA,NA," LOSSES, ALLOW, AND PAST DUE+NONACCR: ","","",NA,NA,NA,NA,NA,NA,NA
"23","  Net Ln&Ls Losses/Avg Loans & Leases","0.78","1.49","1.17","2.04","2.33 ","Net Ln&Ls Losses/Avg Loans & Leases","0.78","0.01","0.10","0.25","0.61","1.07","1.91","2.49","88 "
"24","  Earnings Coverage of Net Losses (X)","7.57","3.20","3.52","2.54","1.67 ","Earnings Coverage of Net Losses (X)","7.56","0.25","0.96","1.91","3.61","8.77","22.37","66.41","86 "
"25","  Ln&Ls Allowance/Total Loans & Leases","1.84","2.62","2.11","2.63","2.80 ","Ln&Ls Allowance/Total Loans & Leases","1.83","0.37","0.69","1.22","1.85","2.32","3.21","3.50","88 "
"26","  Nonaccr Lns&Ls+RE Acq/Lns&Ls+RE Acq","2.44","3.46","2.71","3.75","4.24 ","Nonaccr Lns&Ls+RE Acq/Lns&Ls+RE Acq","2.44","0.31","0.60","1.29","2.26","3.27","4.62","8.16","88 "
"27","  30-89 Days Past Due Loans and Leases","0.89","1.15","0.96","1.20","1.51 ","30-89 Days Past Due Loans and Leases","0.88","0.13","0.29","0.49","0.75","1.21","1.78","2.33","88 "
"28","LIQUIDITY AND FUNDING: ",NA,NA,NA,NA,NA," LIQUIDITY AND FUNDING: ","","",NA,NA,NA,NA,NA,NA,NA
"29","  Net Noncore Funding Dependence","19.82","23.75","19.39","25.33","30.25 ","Net Noncore Funding Dependence","19.82","-13.80","-7.84","8.45","16.19","30.35","49.21","52.79","88 "
"30","  Net ST Noncore Funding Dependence","3.92","3.94","3.94","6.24","10.25 ","Net ST Noncore Funding Dependence","3.92","-51.09","-18.58","-2.23","5.63","12.74","21.37","27.68","88 "
"31","  Net Loans and Leases/Total Assets","56.51","56.57","57.60","57.51","59.71 ","Net Loans and Leases/Total Assets","56.50","11.16","32.84","42.79","59.76","67.54","73.38","75.89","88 "
"32","CAPITALIZATION: ",NA,NA,NA,NA,NA," CAPITALIZATION: ","","",NA,NA,NA,NA,NA,NA,NA
"33","  Tier 1 Leverage Ratio","9.57","9.15","9.34","9.03","8.69 ","Tier 1 Leverage Ratio","9.57","0.00","0.00","6.98","9.19","10.94","11.94","12.54","88 "
"34","  Equity Capital/Total Assets","11.08","10.73","10.86","10.66","10.01 ","Equity Capital/Total Assets","11.08","6.33","7.46","9.35","10.79","12.68","14.73","17.18","88 "
"35","  Equity Capital+Minority Int/Total Assets","11.37","10.91","11.07","10.80","10.22 ","Equity Capital+Minority Int/Total Assets","11.37","7.16","7.69","9.44","11.00","12.97","15.59","18.03","88 "
"36","  Tier 1 Common Eq Cap / T RWA","11.80","10.83","11.32","10.47","8.37 ","Tier 1 Common Eq Cap / T RWA","11.80","6.77","8.05","9.75","11.67","13.44","15.04","16.78","74 "
"37","  Net Loans&Ls/Equity Capital (X)","5.10","5.29","5.28","5.41","6.29 ","Net Loans&Ls/Equity Capital (X)","5.10","1.42","2.53","3.91","4.98","6.21","7.14","9.65","88 "
"38","  Cash Dividends/Net Income","25.25","23.62","23.86","35.74","59.69 ","Cash Dividends/Net Income","25.24","0.00","0.00","1.65","25.27","44.41","70.38","91.47","84 "
"39","  Cash Dividends/Net Income (Sub S Adjusted)","22.12","N/A","N/A","N/A","N/A ","Cash Dividends/Net Income (Sub S Adjusted)","22.11","22.11","22.11","22.11","22.11","22.11","22.11","22.11","1 "
"40","  Retained Earnings/Avg Equity Cap","5.52","5.16","4.78","3.13","-7.11 ","Retained Earnings/Avg Equity Cap","5.52","-1.86","0.28","2.50","5.46","8.05","10.45","15.08","88 "
"41","PARENT COMPANY RATIOS: ",NA,NA,NA,NA,NA," PARENT COMPANY RATIOS: ","","",NA,NA,NA,NA,NA,NA,NA
"42","  Short-Term Debt/Equity Capital","2.64","2.64","3.90","2.77","3.30 ","Short-Term Debt/Equity Capital","2.63","0.00","0.00","0.00","0.00","3.13","14.65","21.98","88 "
"43","  Long-Term Debt/Equity Capital","11.69","16.44","14.29","16.08","15.74 ","Long-Term Debt/Equity Capital","11.69","0.00","0.00","0.00","3.67","23.19","41.43","65.31","88 "
"44","  Equity Investment in Subs/Equity Cap","106.89","108.64","107.44","108.44","108.82 ","Equity Investment in Subs/Equity Cap","106.89","86.35","90.89","98.54","104.65","114.57","127.23","141.87","88 "
"45","  Cash FR Oper+Noncash+Op Exp/Op Exp+Div","122.86","41.32","122.29","115.83","99.52 ","Cash FR Oper+Noncash+Op Exp/Op Exp+Div","122.85","-73.56","-13.63","30.85","99.90","173.86","346.44","544.45","86 "
"210","Interest Income (TE)","3.67","3.92","3.88","4.07","4.26 "," Interest Income (TE)","3.67","1.57","2.26","3.20","3.70","4.09","4.74","5.82","88 "
"3","Less: Interest Expense","0.68","0.85","0.78","0.96","1.38 "," Less: Interest Expense","0.68","0.17","0.22","0.38","0.56","0.96","1.48","1.71","88 "
"49","Equals: Net Interest Income (TE)","2.94","3.02","3.04","3.04","2.85 "," Equals: Net Interest Income (TE)","2.93","1.06","1.36","2.37","3.08","3.39","3.94","4.77","88 "
"5","Plus: Non-Interest Income","1.73","1.85","1.63","1.89","1.92 "," Plus: Non-Interest Income","1.72","0.22","0.33","0.81","1.43","2.36","3.51","6.23","88 "
"61","Equals: Adj Operating Income (TE)","4.72","4.89","4.69","4.92","4.75 "," Equals: Adj Operating Income (TE)","4.72","2.22","3.20","3.82","4.44","5.26","6.86","9.50","88 "
"71","Less: Overhead Expense","3.16","3.18","3.18","3.19","3.28 "," Less: Overhead Expense","3.16","1.42","1.82","2.49","2.99","3.54","4.74","6.80","88 "
"81","Less: Provision for Loan and Lease Losses","0.33","0.58","0.49","1.10","1.96 "," Less: Provision for Loan and Lease Losses","0.33","-0.01","0.00","0.10","0.25","0.50","0.94","1.03","88 "
"91","Plus: Realized G/L on HTM Sec","0.00","0.00","0.00","0.00","0.00 "," Plus: Realized G/L on HTM Sec","-0.00","-0.01","0.00","0.00","0.00","0.00","0.00","0.00","88 "
"101","Plus: Realized G/L on AFS Sec","0.03","0.03","0.05","0.06","0.03 "," Plus: Realized G/L on AFS Sec","0.03","-0.03","-0.01","0.00","0.00","0.04","0.16","0.28","88 "
"111","Plus: Other Tax Equiv Adjustments","0.00","0.00","0.00","0.00","0.00 "," Plus: Other Tax Equiv Adjustments","0.00","-0.00","-0.00","0.00","0.00","0.00","0.00","0.01","88 "
"121","Equals: Pretax Net Oper Inc (TE)","1.27","1.17","1.12","0.77","-0.39 "," Equals: Pretax Net Oper Inc (TE)","1.27","-0.25","0.29","0.79","1.19","1.74","2.26","2.95","88 "
"141","Less: Applicable Income Taxes (TE)","0.43","0.40","0.39","0.29","0.03 "," Less: Applicable Income Taxes (TE)","0.43","0.00","0.06","0.23","0.42","0.57","0.77","1.04","88 "
"151","Less: Minority Interest","0.00","0.01","0.01","0.00","0.00 "," Less: Minority Interest","0.00","-0.00","-0.00","0.00","0.00","0.00","0.02","0.03","88 "
"161","Equals: Net Operating Income","0.83","0.76","0.72","0.51","-0.40 "," Equals: Net Operating Income","0.82","-0.32","0.21","0.53","0.77","1.12","1.46","1.83","88 "
"181","Plus: Net Extraordinary Items","0.00","0.00","0.00","0.00","0.00 "," Plus: Net Extraordinary Items","-0.00","-0.00","0.00","0.00","0.00","0.00","0.00","0.00","88 "
"191","Equals: Net Income","0.83","0.76","0.72","0.51","-0.38 "," Equals: Net Income","0.83","-0.11","0.22","0.53","0.77","1.12","1.46","1.83","88 "
"201","Memo: Net Income (Last Four Qtrs)","0.75","0.60","0.72","0.53","-0.38 "," Memo: Net Income (Last Four Qtrs)","0.75","-0.75","0.00","0.45","0.79","1.09","1.32","1.52","70 "
"211","MARGIN ANALYSIS: ",NA,NA,NA,NA,NA," MARGIN ANALYSIS: ","","","","","","",NA,NA,NA
"221","Avg Earning Assets / Avg Assets","89.99","90.17","90.21","89.93","90.59 "," Avg Earning Assets / Avg Assets","89.98","78.57","84.31","87.08","89.85","92.67","95.98","96.96","88 "
"231","Avg Int-Bearing Funds / Avg Assets","68.32","71.72","70.63","72.85","75.28 "," Avg Int-Bearing Funds / Avg Assets","68.32","2.58","8.25","56.74","73.59","81.90","85.74","86.35","18 "
"241","Int Income (TE) / Avg Earning Assets","4.16","4.36","4.31","4.54","4.70 "," Int Income (TE) / Avg Earning Assets","4.16","1.67","2.94","3.62","4.09","4.63","5.31","6.74","88 "
"251","Int Expense / Avg Earning Assets","0.77","0.95","0.87","1.07","1.52 "," Int Expense / Avg Earning Assets","0.77","0.19","0.24","0.46","0.65","1.07","1.58","1.82","88 "
"261","Net Int Inc (TE) / Avg Earn Assets","3.34","3.36","3.38","3.39","3.16 "," Net Int Inc (TE) / Avg Earn Assets","3.33","1.22","1.53","2.88","3.37","3.87","4.42","5.56","88 "
"281","YIELD OR COST: ",NA,NA,NA,NA,NA," YIELD OR COST: ","","","","","","",NA,NA,NA
"291","Total Loans and Leases (TE)","5.14","5.35","5.33","5.44","5.29 "," Total Loans and Leases (TE)","5.14","3.16","3.91","4.32","4.99","5.73","6.77","8.41","88 "
"301","Interest-Bearing Bank Balances","0.33","0.36","0.34","0.35","0.46 "," Interest-Bearing Bank Balances","0.32","0.03","0.11","0.18","0.25","0.41","0.76","0.93","88 "
"311","Fed Funds Sold & Reverse Repos","0.35","0.43","0.38","0.45","0.50 "," Fed Funds Sold & Reverse Repos","0.34","0.00","0.00","0.00","0.12","0.51","1.46","1.96","64 "
"321","Trading Assets","1.49","1.44","1.43","1.37","1.42 "," Trading Assets","1.49","0.00","0.00","0.01","0.95","2.15","5.74","7.78","67 "
"331","Total Earning Assets","4.11","4.30","4.25","4.46","4.64 "," Total Earning Assets","4.10","1.67","2.88","3.54","4.07","4.57","5.30","6.68","88 "
"351","Investment Securities (TE)","2.80","3.12","2.97","3.49","4.18 "," Investment Securities (TE)","2.80","1.07","1.57","2.38","2.70","3.28","3.80","4.55","88 "
"361","  U.S. Treasury & Agency Sec (excl MBS)","1.73","1.75","1.68","2.23","2.52 ","U.S. Treasury & Agency Sec (excl MBS)","1.73","0.16","0.51","1.00","1.49","2.33","3.52","4.96","84 "
"371","  Mortgage-Backed Securities","2.81","3.55","3.16","3.82","4.53 ","Mortgage-Backed Securities","2.81","1.03","1.69","2.25","2.73","3.26","3.86","4.69","88 "
"381","  All Other Securities","4.23","4.41","4.83","4.79","5.72 ","All Other Securities","4.23","0.36","1.03","2.32","3.95","5.72","8.14","10.51","86 "
"401","Interest-Bearing Deposits","0.56","0.73","0.66","0.88","1.48 "," Interest-Bearing Deposits","0.55","0.11","0.18","0.32","0.51","0.74","1.04","1.47","88 "
"411","  Time Deposits of $100K or More","1.22","1.33","1.29","1.55","2.36 ","Time Deposits of $10,0K or More","1.21","0.00","0.38","0.86","1.15","1.60","2.13","2.42","88 "
"421","  Time Deposits < $100K","1.27","1.53","1.46","1.76","2.58 ","Time Deposits < $10,0K","1.26","0.39","0.64","0.94","1.21","1.52","2.06","2.34","85 "
"431","  Other Domestic Deposits","0.31","0.42","0.38","0.53","0.75 ","Other Domestic Deposits","0.30","0.07","0.12","0.16","0.23","0.39","0.66","0.86","88 "
"441","  Foreign Deposits","0.47","0.54","0.50","0.48","0.72 ","Foreign Deposits","0.47","0.03","0.05","0.14","0.24","0.41","1.51","2.58","42 "
"46","Fed Funds Purchased and Repos","0.90","0.74","0.82","0.82","1.09 "," Fed Funds Purchased and Repos","0.90","0.00","0.03","0.11","0.25","1.41","3.36","4.13","77 "
"47","Other Borrowed Funds & Trading Liab","2.47","2.65","2.40","2.48","2.45 "," Other Borrowed Funds & Trading Liab","2.47","0.36","0.63","1.18","2.32","3.37","4.97","5.94","88 "
"48","All Interest-Bearing Funds","0.98","1.17","1.09","1.31","1.82 "," All Interest-Bearing Funds","0.98","0.23","0.29","0.59","1.39","1.82","2.28","3.32","18 "
"212","Avg Personnel Exp Per Employee ($000)","25","23","91","89","82 "," Avg Personnel Exp Per Employee ($00,0)","24.50","14.74","16.64","19.71","22.82","29.06","35.88","40.62","88 "
"310","Avg Assets per Employee ($000)","7,008","6,379","6,434","6,303","6,201 "," Avg Assets per Employee ($00,0)","700","8.16  298","6.65  399","6.57  482","9.31  568,7.76  869,7.10  1249,5.2  1519,7.3",NA,NA,NA,"88 "
"410","ANALYSIS RATIOS ",NA,NA,NA,NA,NA," ANALYSIS RATIOS ","","","","","",NA,NA,NA,NA
"62","Mutual Fund Fee Inc / Non-Int Income","3.24","3.02","3.12","2.86","2.66 "," Mutual Fund Fee Inc / Non-Int Income","3.23","0.00","0.00","0.46","2.63","4.92","9.24","14.83","88 "
"82","Overhead Exp / NII + Non-Int Income","67.84","66.25","68.83","65.78","73.71 "," Overhead Exp / NII + Non-Int Income","67.84","42.38","49.22","59.20","68.37","75.47","84.38","88.46","88 "
"102","PERCENT OF AVERAGE ASSETS: ",NA,NA,NA,NA,NA," PERCENT OF AVERAGE ASSETS: ","","","","","",NA,NA,NA,NA
"112","  Total Overhead Expense","3.16","3.18","3.18","3.19","3.28 ","Total Overhead Expense","3.16","1.42","1.82","2.49","2.99","3.54","4.74","6.80","88 "
"122","Personnel Expense","1.52","1.59","1.52","1.53","1.45 ","Personnel Expense","1.51","0.71","0.78","1.19","1.54","1.78","2.27","2.39","88 "
"131","Net Occupancy Expense","0.34","0.38","0.37","0.38","0.38 ","Net Occupancy Expense","0.34","0.11","0.16","0.26","0.34","0.42","0.52","0.58","88 "
"142","Other Operating Expenses","1.29","1.18","1.24","1.24","1.40 ","Other Operating Expenses","1.28","0.47","0.62","0.82","1.05","1.42","2.43","4.68","88 "
"162","  Overhead Less Non-Interest Income","1.35","1.33","1.49","1.28","1.30 ","Overhead Less Non-Interest Income","1.34","-0.30","0.22","0.85","1.42","1.84","2.14","2.55","88 "
"182","PERCENT OF ADJUSTED OPERATING INCOME (TE): ",NA,NA,NA,NA,NA," PERCENT OF ADJUSTED OPERATING INCOME (TE): ","","","","","",NA,NA,NA,NA
"192","  Total Overhead Expense","67.15","65.50","68.01","64.90","72.69 ","Total Overhead Expense","67.14","42.14","49.22","58.64","67.93","74.07","84.30","87.93","88 "
"202","Personnel Expense","32.69","32.69","32.73","31.04","31.47 ","Personnel Expense","32.69","16.36","20.02","26.76","33.59","38.10","42.31","43.48","88 "
"213","Net Occupancy Expense","7.67","7.86","7.98","7.84","8.42 ","Net Occupancy Expense","7.67","1.76","3.57","6.07","7.73","9.38","11.48","13.30","88 "
"222","Other Operating Expenses","26.22","24.20","26.40","25.24","32.61 ","Other Operating Expenses","26.21","14.50","17.24","19.65","23.00","29.55","44.69","56.80","88 "
"242","  Total Non-Interest Income","34.87","35.95","34.00","36.35","36.93 ","Total Non-Interest Income","34.87","6.77","13.19","21.57","30.55","45.45","72.83","77.82","88 "
"252","Fiduciary Activities Income","2.26","3.61","2.85","3.28","3.21 ","Fiduciary Activities Income","2.26","0.00","0.00","0.00","1.17","3.63","7.77","15.91","88 "
"262","Serv Charges on Deposit Accts - Domestic","4.74","5.64","5.82","6.22","7.38 ","Serv Charges on Deposit Accts - Domestic","4.73","0.00","0.02","1.42","4.51","7.19","9.16","11.26","88 "
"271","Trading Revenue","1.47","1.76","1.60","1.80","1.69 ","Trading Revenue","1.46","-1.03","-0.02","0.00","0.33","2.33","6.09","9.03","88 "
"282","Investment Banking Fees & Commissions","3.16","3.17","2.84","3.07","3.00 ","Investment Banking Fees & Commissions","3.16","0.00","0.00","0.66","1.83","3.12","10.89","26.54","88 "
"292","Venture Capital Revenue","0.13","0.14","0.12","0.12","-0.06 ","Venture Capital Revenue","0.12","-0.06","0.00","0.00","0.00","0.04","0.77","1.57","88 "
"302","Net Servicing Fees","1.07","1.05","0.68","0.92","1.75 ","Net Servicing Fees","1.07","0.00","0.00","0.00","0.26","1.61","4.18","7.30","88 "
"312","Net Securitization Income","0.00","0.01","0.01","0.00","0.13 ","Net Securitization Income","0.00","0.00","0.00","0.00","0.00","0.00","0.00","0.05","88 "
"322","Insurance Activities Revenue","1.22","0.99","0.95","1.00","1.08 ","Insurance Activities Revenue","1.21","0.00","0.00","0.03","0.27","1.75","4.38","12.70","88 "
"332","Net Gain (Loss) - Sales Loans, OREO, Oth","1.46","0.44","0.58","0.49","-0.18 ","Net Gain (Loss) - Sales Loans, OREO, Oth","1.46","-3.40","-1.36","-0.20","0.47","2.66","6.20","9.06","88 "
"341","Other Non-Interest Income","10.47","13.00","12.21","12.94","14.89 ","Other Non-Interest Income","10.46","0.62","2.38","5.13","9.07","14.02","23.08","30.39","88 "
"362","  Overhead Less Non-Interest Income","31.32","28.93","33.55","28.58","34.78 ","Overhead Less Non-Interest Income","31.32","-2.27","2.73","18.05","32.56","44.53","51.28","61.44","88 "
"372","TAX RATIOS: ",NA,NA,NA,NA,NA," TAX RATIOS: ","","","","","",NA,NA,NA,NA
"382","  Appl Inc Taxes/Pretax NOI (TE)","29.31","27.45","27.63","21.65","23.39 ","Appl Inc Taxes/Pretax NOI (TE)","29.30","7.53","17.85","24.56","28.94","35.10","38.28","40.45","83 "
"391","  Appl Inc Tax+TE/Pretax NOI+TE","33.33","32.52","32.76","29.75","30.98 ","Appl Inc Tax+TE/Pretax NOI+TE","33.33","17.62","22.50","28.57","34.80","37.75","40.37","41.37","83 "
"214","Real Estate Loans","33.53","32.77","32.16","34.18","37.26 "," Real Estate Loans","33.52","0.16","4.14","20.13","35.06","46.54","55.90","65.45","88 "
"313","Commercial and Industrial Loans","10.52","11.62","11.80","11.80","12.18 "," Commercial and Industrial Loans","10.51","0.01","0.26","4.17","9.87","16.83","19.60","25.13","88 "
"412","Loans to Individuals","4.77","6.08","6.15","5.73","5.34 "," Loans to Individuals","4.76","0.04","0.06","0.42","2.45","7.90","12.37","26.73","88 "
"55","Loans to Depository Institutions","0.10","0.09","0.14","0.07","0.05 "," Loans to Depository Institutions","0.09","0.00","0.00","0.00","0.00","0.04","0.62","1.27","88 "
"63","Agricultural Loans","0.11","0.15","0.15","0.17","0.17 "," Agricultural Loans","0.10","0.00","0.00","0.00","0.01","0.15","0.53","0.66","88 "
"72","Other Loans and Leases","3.56","3.25","3.54","3.32","3.20 "," Other Loans and Leases","3.55","0.00","0.04","1.12","3.04","5.45","9.10","10.56","88 "
"83","Net Loans and Leases","56.51","56.57","57.60","57.51","59.71 ","Net Loans and Leases","56.50","11.16","32.84","42.79","59.76","67.54","73.38","75.89","88 "
"92","Debt Securities Over 1 Year","17.34","16.14","16.52","16.23","15.06 "," Debt Securities Over 1 Year","17.34","1.20","3.40","11.17","15.31","22.25","36.10","44.54","88 "
"103","Mutual Funds and Equity Securities","0.13","0.19","0.11","0.18","0.19 "," Mutual Funds and Equity Securities","0.12","0.00","0.00","0.01","0.06","0.16","0.47","1.14","88 "
"113","Subtotal","74.91","73.99","75.69","75.08","75.78 ","Subtotal","74.90","37.60","44.29","69.35","79.41","83.68","88.57","89.65","88 "
"123","Interest-Bearing Bank Balances","4.69","4.87","3.92","4.00","4.51 "," Interest-Bearing Bank Balances","4.69","0.16","0.41","1.50","3.51","6.87","13.86","15.42","88 "
"132","Federal Funds Sold & Reverse Repos","0.96","1.38","1.32","1.27","0.78 "," Federal Funds Sold & Reverse Repos","0.95","0.00","0.00","0.00","0.02","0.47","4.23","14.72","88 "
"143","Debt Securities 1 Year or Less","3.16","3.15","3.12","3.03","3.02 "," Debt Securities 1 Year or Less","3.15","0.01","0.07","0.66","2.15","4.56","7.61","18.17","88 "
"152","Trading Assets","1.05","1.42","1.40","1.43","0.95 "," Trading Assets","1.04","0.00","0.00","0.00","0.31","0.98","5.42","11.21","88 "
"163","Total Earning Assets","88.04","87.64","88.12","87.61","87.54 ","Total Earning Assets","88.04","72.43","82.60","85.78","88.08","90.58","93.49","94.67","88 "
"17","Non-Int Cash and Due From Dep Inst","1.21","1.39","1.53","1.33","1.72 "," Non-Int Cash and Due From Dep Inst","1.21","0.22","0.37","0.73","1.16","1.64","2.10","2.91","88 "
"183","Other Real Estate Owned","0.30","0.36","0.30","0.37","0.32 "," Other Real Estate Owned","0.30","0.00","0.01","0.07","0.16","0.44","0.88","1.05","88 "
"193","All Other Assets","10.60","10.87","10.23","10.96","10.69 "," All Other Assets","10.59","3.84","5.14","7.63","10.75","12.90","15.27","24.15","88 "
"215","MEMORANDA: ",NA,NA,NA,NA,NA," MEMORANDA: ","","","","","","",NA,NA,NA
"223","  Short-Term Investments","9.64","11.22","10.08","10.19","9.62 ","Short-Term Investments","9.63","1.12","1.96","3.30","7.04","15.39","24.27","32.50","88 "
"232","  U.S. Treasury Securities","0.53","0.89","0.67","0.85","0.63 ","U.S. Treasury Securities","0.53","0.00","0.00","0.00","0.05","0.69","2.83","4.51","88 "
"243","  U.S. Agency Securities (excl MBS)","1.55","1.84","1.82","1.99","1.70 ","U.S. Agency Securities (excl MBS)","1.55","0.00","0.00","0.06","0.47","2.52","5.24","12.84","88 "
"253","  Municipal Securities","1.15","1.33","1.41","1.36","1.26 ","Municipal Securities","1.14","0.00","0.00","0.07","0.78","1.89","3.82","6.04","88 "
"263","  Mortgage-Backed Securities","13.48","12.08","12.66","11.86","11.59 ","Mortgage-Backed Securities","13.47","0.40","1.21","5.29","11.71","19.56","29.97","38.27","88 "
"272","  Asset-Backed Securities","0.60","0.50","0.57","0.51","0.62 ","Asset-Backed Securities","0.60","0.00","0.00","0.00","0.04","0.74","2.95","3.91","88 "
"283","  Other Debt Securities","1.10","1.12","1.11","1.13","0.84 ","Other Debt Securities","1.09","0.00","0.00","0.01","0.47","1.53","4.91","8.26","88 "
"293","  RE Loans Secured by 1-4 Family","16.75","14.07","14.65","14.73","15.14 ","RE Loans Secured by 1-4 Family","16.74","0.02","1.68","8.76","16.54","22.12","32.83","51.47","88 "
"303","Revolving","3.54","3.99","3.79","4.05","4.21 ","Revolving","3.53","0.00","0.11","0.92","2.81","5.71","8.38","10.08","88 "
"314","Closed-End, Sec by First Liens","11.94","9.03","9.66","9.35","9.38 ","Closed-End, Sec by First Liens","11.93","0.01","1.04","5.02","10.56","15.75","24.95","49.11","88 "
"323","Closed-End, Sec by Junior Liens","0.69","0.94","0.82","1.02","1.30 ","Closed-End, Sec by Junior Liens","0.69","0.00","0.00","0.12","0.60","1.12","1.74","2.79","88 "
"333","  Commercial Real Estate Loans","14.39","17.02","15.98","17.75","19.88 ","Commercial Real Estate Loans","14.38","0.01","0.23","4.26","13.14","21.71","32.96","35.38","88 "
"342","Construction and Land Dev","1.93","2.99","2.31","3.37","5.28 ","Construction and Land Dev","1.92","0.00","0.03","0.29","1.47","2.94","4.77","6.04","88 "
"352","Multifamily","1.72","1.59","1.55","1.60","1.62 ","Multifamily","1.72","0.00","0.00","0.36","1.01","2.56","4.55","8.33","88 "
"363","Nonfarm Nonresidential","10.36","11.70","11.32","11.98","12.28 ","Nonfarm Nonresidential","10.36","0.00","0.03","2.88","8.54","14.39","23.90","27.32","88 "
"373","  RE Loans Secured by Farmland","0.23","0.31","0.28","0.32","0.34 ","RE Loans Secured by Farmland","0.22","0.00","0.00","0.00","0.05","0.20","1.29","1.66","88 "
"383","LOAN MIX, % OF GROSS LOANS & LEASES: ",NA,NA,NA,NA,NA," LOAN MIX, % OF GROSS LOANS & LEASES: ","","","","","","",NA,NA,NA
"392","  Real Estate Loans","58.43","55.96","54.65","57.40","59.49 ","Real Estate Loans","58.42","2.27","15.86","42.56","60.20","75.04","88.96","97.65","88 "
"402","RE Loans Secured by 1-4 Family","29.48","24.83","25.53","25.52","25.20 ","RE Loans Secured by 1-4 Family","29.48","0.03","7.18","17.91","27.91","40.32","59.28","73.22","88 "
"413","Revolving","6.34","6.90","6.54","6.92","6.85 ","Revolving","6.34","0.00","0.27","1.89","5.07","10.46","14.03","17.66","88 "
"422","Closed-End","22.48","17.32","18.28","17.92","17.81 ","Closed-End","22.47","0.02","2.75","11.01","19.27","29.57","52.29","71.34","88 "
"432","Commercial Real Estate Loans","24.51","28.10","26.24","28.90","30.65 ","Commercial Real Estate Loans","24.51","0.01","0.45","10.69","22.88","37.63","50.70","54.52","88 "
"442","Construction and Land Dev","3.29","4.97","3.85","5.53","8.02 ","Construction and Land Dev","3.28","0.00","0.04","0.76","2.86","4.57","8.38","10.44","88 "
"451","Multifamily","3.01","2.65","2.64","2.64","2.58 ","Multifamily","3.01","0.00","0.01","0.72","2.12","4.36","7.51","12.93","88 "
"461","Nonfarm Nonresidential","17.63","19.15","18.45","19.37","18.99 ","Nonfarm Nonresidential","17.63","0.00","0.10","5.99","16.33","26.61","35.67","39.83","88 "
"471","RE Loans Secured by Farmland","0.42","0.55","0.51","0.55","0.54 ","RE Loans Secured by Farmland","0.42","0.00","0.00","0.00","0.09","0.33","2.53","3.53","88 "
"481","  Loans to Depository Institutions","0.19","0.24","0.33","0.17","0.10 ","Loans to Depository Institutions","0.18","0.00","0.00","0.00","0.00","0.10","1.10","2.75","88 "
"491","  Commercial and Industrial Loans","18.51","19.97","20.42","19.92","19.90 ","Commercial and Industrial Loans","18.51","0.05","0.36","9.47","18.67","25.64","39.08","45.80","88 "
"50","  Loans to Individuals","8.52","10.70","10.52","9.96","9.03 ","Loans to Individuals","8.51","0.05","0.16","1.17","3.87","13.03","26.01","47.56","88 "
"51","Credit Card Loans","2.34","3.05","3.20","2.54","1.52 ","Credit Card Loans","2.33","0.00","0.00","0.00","0.03","1.48","12.42","34.95","88 "
"52","  Agricultural Loans","0.19","0.26","0.26","0.28","0.27 ","Agricultural Loans","0.19","0.00","0.00","0.00","0.02","0.23","0.96","1.35","88 "
"53","  Loans to Foreign Govts and Inst","0.00","0.01","0.01","0.01","0.01 ","Loans to Foreign Govts and Inst","0.00","0.00","0.00","0.00","0.00","0.00","0.01","0.06","88 "
"54","  Other Loans and Leases","7.72","6.55","7.28","6.55","6.22 ","Other Loans and Leases","7.71","0.00","0.06","2.33","5.21","9.33","19.69","47.96","88 "
"216","Short-Term Investments","9.64","11.22","10.08","10.19","9.62 "," Short-Term Investments","9.63","1.12","1.96","3.30","7.04","15.39","24.27","32.50","88 "
"315","Liquid Assets","26.24","27.09","26.72","25.95","24.18 "," Liquid Assets","26.24","7.96","11.79","16.85","22.61","31.80","49.14","53.78","88 "
"414","Investment Securities","21.70","20.46","20.85","20.42","19.11 "," Investment Securities","21.69","3.29","6.99","13.63","18.18","29.37","43.85","50.40","88 "
"56","Net Loans and Leases","56.51","56.57","57.60","57.51","59.71 "," Net Loans and Leases","56.50","11.16","32.84","42.79","59.76","67.54","73.38","75.89","88 "
"64","Net Lns, Ls & Stdby Ltrs of Credit","58.50","59.00","60.00","60.00","62.43 "," Net Lns, Ls & Stdby Ltrs of Credit","58.50","12.16","35.14","44.10","63.43","70.71","74.45","79.23","88 "
"73","Core Deposits","55.39","54.03","56.41","53.59","50.90 "," Core Deposits","55.39","11.94","19.40","41.88","60.14","68.68","74.18","77.45","88 "
"84","Noncore Funding","25.14","28.21","26.05","29.02","32.76 "," Noncore Funding","25.14","6.49","8.98","13.46","20.18","34.13","52.47","57.13","88 "
"93","Time Deposits of $100K or More","6.31","6.27","6.03","6.69","7.50 "," Time Deposits of $10,0K or More","6.31","0.04","0.49","2.88","5.15","9.52","13.49","18.47","88 "
"104","Foreign Deposits","1.02","1.97","1.67","1.96","2.14 "," Foreign Deposits","1.02","0.00","0.00","0.00","0.00","1.12","4.87","10.97","88 "
"114","Fed Funds Purchased and Repos","3.28","3.99","3.69","4.09","4.43 "," Fed Funds Purchased and Repos","3.28","0.00","0.00","0.36","2.10","5.84","11.42","12.21","88 "
"124","Net Fed Funds Purchased (Sold)","2.26","2.57","2.22","2.58","3.36 "," Net Fed Funds Purchased (Sold)","2.26","-6.76","-0.41","0.04","0.98","4.00","9.43","11.67","88 "
"133","Commercial Paper","0.10","0.12","0.11","0.12","0.12 "," Commercial Paper","0.09","0.00","0.00","0.00","0.00","0.00","0.29","2.26","88 "
"153","Oth Borrowings W/Rem Mat 1 Yr or Less","2.52","2.35","2.68","2.53","3.36 "," Oth Borrowings W/Rem Mat 1 Yr or Less","2.51","0.00","0.00","0.25","2.12","4.72","6.46","10.68","88 "
"164","Earning Assets Repr in 1 Year","39.21","42.54","42.00","42.48","42.90 "," Earning Assets Repr in 1 Year","39.21","10.19","14.93","27.32","40.95","47.23","61.29","71.19","88 "
"171","Int-Bearing Liab Repr in 1 Year","13.59","14.61","13.07","14.97","19.48 "," Int-Bearing Liab Repr in 1 Year","13.58","0.32","3.56","7.06","9.59","16.84","30.50","50.52","88 "
"184","Long-Term Debt Repr in 1 Year","1.27","1.97","1.65","2.03","1.96 "," Long-Term Debt Repr in 1 Year","1.26","0.00","0.00","0.00","0.00","2.08","5.50","10.33","88 "
"194","Net Assets Repriceable in 1 Year","22.59","24.18","25.56","23.91","20.25 "," Net Assets Repriceable in 1 Year","22.59","-9.48","-2.90","9.38","22.61","35.39","44.86","51.56","88 "
"217","OTHER LIQUIDITY AND FUNDING RATIOS: ",NA,NA,NA,NA,NA," OTHER LIQUIDITY AND FUNDING RATIOS: ","","","",NA,NA,NA,NA,NA,NA
"224","Net Noncore Funding Dependence","19.82","23.75","19.39","25.33","30.25 "," Net Noncore Funding Dependence","19.82","-13.80","-7.84","8.45","16.19","30.35","49.21","52.79","88 "
"233","Net ST Noncore Funding Dependence","3.92","3.94","3.94","6.24","10.25 "," Net ST Noncore Funding Dependence","3.92","-51.09","-18.58","-2.23","5.63","12.74","21.37","27.68","88 "
"244","Short-Term Inv/ST Noncore Funding","82.70","81.20","74.48","65.99","55.51 "," Short-Term Inv/ST Noncore Funding","82.70","8.44","15.91","28.35","53.47","105.77","241.72","343.24","88 "
"254","Liq Asts-ST Noncore Fndg/Nonliq Asts","19.56","18.64","20.36","15.49","8.18 "," Liq Asts-ST Noncore Fndg/Nonliq Asts","19.56","-13.55","-7.95","4.06","12.70","26.69","61.79","81.19","88 "
"264","Net Loans and Leases/Total Deposits","88.09","86.92","87.49","88.15","89.66 "," Net Loans and Leases/Total Deposits","88.09","35.84","47.25","70.98","87.39","95.95","132.86","219.80","88 "
"273","Net Loans and Leases/Core Deposits","117.78","116.82","113.23","120.14","140.58 "," Net Loans and Leases/Core Deposits","117.77","48.84","53.55","82.90","100.19","122.74","204.52","487.11","88 "
"284","Held-To-Mat Sec Appr(Depr)/T1 Cap","1.21","0.28","0.94","0.28","0.11 "," Held-To-Mat Sec Appr(Depr)/T1 Cap","1.21","-1.05","-0.10","0.00","0.19","1.47","4.55","8.90","48 "
"294","Avail-For-Sale Sec Appr(Depr)/T1 Cap","3.90","1.87","3.77","2.05","0.97 "," Avail-For-Sale Sec Appr(Depr)/T1 Cap","3.90","-1.30","-0.51","1.01","2.81","5.74","9.41","12.18","74 "
"304","Struct Notes Appr(Depr)/T1 Cap","-0.02","-0.09","-0.03","-0.03","-0.02 "," Struct Notes Appr(Depr)/T1 Cap","-0.02","-1.65","-0.36","-0.00","0.00","0.01","0.04","0.05","23 "
"324","PERCENT OF INVESTMENT SECURITIES: ",NA,NA,NA,NA,NA," PERCENT OF INVESTMENT SECURITIES: ","","","",NA,NA,NA,NA,NA,NA
"334","Held-To-Maturity Securities","10.19","6.65","6.67","5.23","5.36 "," Held-To-Maturity Securities","10.18","0.00","0.00","0.00","2.01","16.20","45.48","80.36","88 "
"343","Available-For-Sale Securities","89.81","93.35","93.33","94.77","94.64 "," Available-For-Sale Securities","89.81","11.95","50.06","83.03","97.94","100.00","100.00","100.00","88 "
"353","U.S. Treasury Securities","3.20","5.15","3.69","4.71","3.48 "," U.S. Treasury Securities","3.19","0.00","0.00","0.00","0.32","3.81","17.61","24.59","88 "
"364","U.S. Agency Securities (excl MBS)","7.95","10.59","9.30","11.25","10.28 "," U.S. Agency Securities (excl MBS)","7.94","0.00","0.00","0.36","2.61","16.24","29.08","42.62","88 "
"374","Municipal Securities","5.23","6.71","6.89","6.92","6.77 "," Municipal Securities","5.22","0.00","0.00","0.35","4.03","8.79","16.13","21.90","88 "
"384","Mortgage-Backed Securities","64.31","57.31","61.08","57.24","59.41 "," Mortgage-Backed Securities","64.30","4.62","15.03","39.66","70.72","88.56","97.31","98.74","88 "
"393","Asset-Backed Securities","3.34","3.47","3.54","3.48","3.88 "," Asset-Backed Securities","3.33","0.00","0.00","0.00","0.30","4.84","13.92","25.28","88 "
"403","Other Debt Securities","6.14","6.72","6.94","6.80","5.17 "," Other Debt Securities","6.13","0.00","0.00","0.06","2.34","9.61","23.25","40.44","88 "
"415","Mutual Funds and Equity Securities","0.90","1.27","0.98","1.15","1.42 "," Mutual Funds and Equity Securities","0.90","0.00","0.00","0.05","0.28","0.99","4.72","6.89","88 "
"433","Debt Securities 1 Year or Less","16.22","17.64","16.97","17.10","16.99 "," Debt Securities 1 Year or Less","16.22","0.13","0.62","3.71","11.02","26.00","45.26","53.66","88 "
"443","Debt Securities 1 To 5 Years","24.73","26.33","25.07","27.34","23.78 "," Debt Securities 1 To 5 Years","24.73","0.08","0.24","4.00","17.61","42.72","65.89","72.97","88 "
"452","Debt Securities Over 5 Years","54.60","50.67","53.45","50.65","52.85 "," Debt Securities Over 5 Years","54.60","5.52","8.92","23.95","60.16","77.26","93.68","99.13","88 "
"462","Pledged Securities","40.73","48.66","47.40","50.95","54.10 "," Pledged Securities","40.73","0.73","4.28","22.40","38.39","61.75","75.24","83.45","88 "
"472","Structured Notes, Fair Value","0.25","0.33","0.34","0.47","0.31 "," Structured Notes, Fair Value","0.25","0.00","0.00","0.00","0.00","0.03","1.35","3.83","88 "
"218","Provision for Ln&Ls Losses/Avg Assets","0.33","0.58","0.49","1.10","1.96 "," Provision for Ln&Ls Losses/Avg Assets","0.33","-0.01","0.00","0.10","0.25","0.50","0.94","1.03","88 "
"316","Provision for Ln&Ls Losses/Avg Lns&Ls","0.56","0.96","0.80","1.80","3.07 "," Provision for Ln&Ls Losses/Avg Lns&Ls","0.55","-0.02","0.00","0.16","0.43","0.88","1.41","1.60","88 "
"416","Provision for Ln&Ls Losses/Net Losses","70.44","70.37","69.96","100.32","139.96 "," Provision for Ln&Ls Losses/Net Losses","70.43","-42.56","0.00","28.47","74.14","101.87","144.00","156.71","86 "
"65","Ln&Ls Allowance/Total Loans & Leases","1.84","2.62","2.11","2.63","2.80 "," Ln&Ls Allowance/Total Loans & Leases","1.83","0.37","0.69","1.22","1.85","2.32","3.21","3.50","88 "
"74","Ln&Ls Allowance/Net Ln&Ls Losses (X)","3.36","2.27","2.24","1.70","1.52 "," Ln&Ls Allowance/Net Ln&Ls Losses (X)","3.36","0.95","1.28","1.77","2.41","4.62","7.14","11.92","85 "
"85","ALLL/Nonaccrual Assets","114.14","105.19","116.56","99.32","92.12 "," ALLL/Nonaccrual Assets","114.14","24.15","36.91","61.92","94.12","144.53","267.72","384.69","85 "
"94","Ln&Ls Allow/90+ Days PD+Nonaccr Ln&Ls","89.45","83.47","88.11","78.33","72.80 "," Ln&Ls Allow/90+ Days PD+Nonaccr Ln&Ls","89.45","16.31","26.13","48.27","72.16","109.09","201.64","276.70","88 "
"115","Gross Ln&Ls Losses/Avg Loans & Leases","0.99","1.73","1.41","2.26","2.47 "," Gross Ln&Ls Losses/Avg Loans & Leases","0.99","0.06","0.17","0.35","0.86","1.38","2.36","3.32","88 "
"125","Recoveries/Avg Loans and Leases","0.19","0.25","0.23","0.20","0.13 "," Recoveries/Avg Loans and Leases","0.18","0.00","0.01","0.05","0.18","0.27","0.40","0.50","88 "
"134","Net Losses/Avg Loans and Leases","0.78","1.49","1.17","2.04","2.33 "," Net Losses/Avg Loans and Leases","0.78","0.01","0.10","0.25","0.61","1.07","1.91","2.49","88 "
"144","Write-downs, Trans Lns HFS/Avg Lns&Ls","0.00","0.00","0.02","0.06","0.02 "," Write-downs, Trans Lns HFS/Avg Lns&Ls","0.00","0.00","0.00","0.00","0.00","0.00","0.01","0.03","88 "
"154","Recoveries/Prior Year-End Losses","4.48","2.80","12.27","9.74","13.00 "," Recoveries/Prior Year-End Losses","4.47","0.95","1.43","2.51","4.12","5.86","8.63","10.22","70 "
"165","Earnings Coverage of Net Losses (X)","7.57","3.20","3.52","2.54","1.67 "," Earnings Coverage of Net Losses (X)","7.56","0.25","0.96","1.91","3.61","8.77","22.37","66.41","86 "
"185","NET LOAN AND LEASE LOSSES BY TYPE ",NA,NA,NA,NA,NA," NET LOAN AND LEASE LOSSES BY TYPE ","","","","","",NA,NA,NA,NA
"203","Real Estate Loans","0.84","1.49","1.21","2.17","2.21 "," Real Estate Loans","0.83","0.00","0.05","0.25","0.74","1.19","1.97","2.54","87 "
"219","  RE Loans Secured By 1-4 Family","0.85","1.10","0.96","1.43","1.41 ","RE Loans Secured By 1-4 Family","0.85","0.00","0.02","0.17","0.62","1.33","2.14","4.63","85 "
"225","Revolving","1.04","1.20","1.13","1.31","1.65 ","Revolving","1.04","0.00","0.00","0.21","0.76","1.72","2.90","4.55","83 "
"234","Closed-End","0.81","1.16","0.93","1.45","1.42 ","Closed-End","0.80","0.00","0.00","0.13","0.58","1.14","1.94","4.94","85 "
"245","  Commercial Real Estate Loans","0.64","1.57","1.20","2.64","2.81 ","Commercial Real Estate Loans","0.63","-0.11","0.00","0.09","0.46","1.08","1.93","2.20","85 "
"255","Construction and Land Dev","1.53","3.77","3.36","6.61","6.64 ","Construction and Land Dev","1.53","-0.81","-0.18","0.00","0.89","2.58","5.23","7.32","83 "
"265","Multifamily","0.32","0.74","0.78","1.20","1.09 ","Multifamily","0.31","-0.23","-0.03","0.00","0.00","0.41","1.38","2.91","81 "
"274","Nonfarm Nonresidential","0.45","0.90","0.75","1.38","1.00 ","Nonfarm Nonresidential","0.45","-0.10","0.00","0.03","0.25","0.87","1.17","1.76","82 "
"285","  RE Loans Secured by Farmland","0.25","1.21","1.05","0.60","0.41 ","RE Loans Secured by Farmland","0.24","-0.20","-0.01","0.00","0.00","0.19","1.58","2.43","59 "
"305","Commercial and Industrial Loans","0.56","1.04","0.80","1.57","2.44 "," Commercial and Industrial Loans","0.56","-0.10","-0.00","0.02","0.34","0.71","1.71","3.61","85 "
"317","Loans to Depository Institutions","0.01","0.01","-0.02","0.05","0.04 "," Loans to Depository Institutions","0.00","-0.36","-0.00","0.00","0.00","0.00","0.00","0.16","41 "
"335","Loans to Individuals","1.70","2.63","1.94","2.87","3.39 "," Loans to Individuals","1.70","0.05","0.27","0.56","1.54","2.51","3.67","4.47","70 "
"344","  Credit Card Loans","3.01","4.59","3.85","5.94","5.75 ","Credit Card Loans","3.01","-2.20","0.00","1.75","3.27","4.42","5.51","5.99","55 "
"365","Agricultural Loans","0.13","0.37","0.34","0.61","0.33 "," Agricultural Loans","0.12","-0.47","-0.15","0.00","0.00","0.00","0.90","1.21","58 "
"375","Loans to Foreign Governments & Inst","0.00","-0.05","-0.11","-0.13","0.00 "," Loans to Foreign Governments & Inst","0.00","0.00","0.00","0.00","0.00","0.00","0.00","0.00","14 "
"385","Other Loans and Leases","0.13","0.35","0.37","0.72","1.44 "," Other Loans and Leases","0.12","-0.76","-0.13","0.00","0.02","0.28","0.57","0.75","84 "
"220","30-89 Days PD Loans and Leases","0.89","1.15","0.96","1.20","1.51 "," 30,-89 Days PD Loans and Leases","0.88","0.13","0.29","0.49","0.75","1.21","1.78","2.33","88 "
"318","90+ Days PD Loans and Leases","0.61","0.80","0.73","0.78","0.66 "," 90+ Days PD Loans and Leases","0.60","0.00","0.00","0.04","0.27","1.11","2.11","4.27","88 "
"417","Nonaccrual Loans and Leases","1.92","2.82","2.17","3.12","3.77 "," Nonaccrual Loans and Leases","1.92","0.09","0.37","0.89","1.75","2.62","3.38","7.37","88 "
"66","90+ Days PD and Nonaccrual Loans and Leases","2.90","3.79","3.00","4.07","4.51 "," 90+ Days PD and Nonaccrual Loans and Leases","2.89","0.28","0.68","1.43","2.41","3.67","7.08","11.56","88 "
"86","30-89 Days PD Restructured","0.07","0.06","0.08","0.05","0.04 "," 30,-89 Days PD Restructured","0.06","0.00","0.00","0.00","0.04","0.12","0.22","0.31","88 "
"95","90+ Days PD Restructured","0.03","0.02","0.04","0.02","0.01 "," 90+ Days PD Restructured","0.02","0.00","0.00","0.00","0.00","0.03","0.13","0.25","88 "
"105","Nonaccrual Restructured","0.47","0.52","0.55","0.46","0.31 "," Nonaccrual Restructured","0.47","0.00","0.02","0.14","0.39","0.71","1.11","1.75","88 "
"126","PERCENT OF LNS&LS + OTHER ASSETS ",NA,NA,NA,NA,NA," PERCENT OF LNS&LS + OTHER ASSETS ","","","","",NA,NA,NA,NA,NA
"135","30+ DAYS PAST DUE AND NONACCRUAL ",NA,NA,NA,NA,NA," 30+ DAYS PAST DUE AND NONACCRUAL ","","","","",NA,NA,NA,NA,NA
"155","30-89 Days Past Due Assets","0.89","1.16","0.96","1.21","1.52 "," 30,-89 Days Past Due Assets","0.88","0.13","0.29","0.49","0.77","1.21","1.78","2.33","88 "
"166","90+ Days Past Due Assets","0.61","0.80","0.74","0.79","0.67 "," 90+ Days Past Due Assets","0.61","0.00","0.00","0.04","0.27","1.11","2.11","4.27","88 "
"172","Nonaccrual Assets","1.98","2.86","2.20","3.14","3.80 "," Nonaccrual Assets","1.97","0.09","0.46","1.04","1.75","2.67","3.38","7.37","88 "
"186","  30+ Days PD & Nonaccrual Assets","3.89","5.02","4.06","5.38","6.16 ","30+ Days PD & Nonaccrual Assets","3.88","0.62","1.16","2.12","3.10","4.84","9.17","13.88","88 "
"204","PERCENT OF TOTAL ASSETS ",NA,NA,NA,NA,NA," PERCENT OF TOTAL ASSETS ","","","","",NA,NA,NA,NA,NA
"226","90+ Days PD and Nonaccrual Assets","1.69","2.21","1.76","2.40","2.83 "," 90+ Days PD and Nonaccrual Assets","1.69","0.06","0.21","0.91","1.50","2.13","3.22","6.40","88 "
"235","90+ PD & Nonaccrual Assets + OREO","2.00","2.59","2.08","2.79","3.16 "," 90+ PD & Nonaccrual Assets + OREO","1.99","0.15","0.24","0.98","1.79","2.67","3.96","7.40","88 "
"256","RESTRUCTURED & NONACCRUAL LNS&LS ",NA,NA,NA,NA,NA," RESTRUCTURED & NONACCRUAL LNS&LS ","","","","",NA,NA,NA,NA,NA
"266","+ REAL ESTATE ACQUIRED AS PERCENT OF: ",NA,NA,NA,NA,NA," + REAL ESTATE ACQUIRED AS PERCENT OF: ","","","","",NA,NA,NA,NA,NA
"286","Total Assets","2.18","2.72","2.38","2.79","3.04 "," Total Assets","2.18","0.14","0.25","0.95","2.04","2.93","4.63","6.78","88 "
"295","Allowance for Loan & Lease Losses","216.05","200.36","206.15","201.05","180.34 "," Allowance for Loan & Lease Losses","216.04","43.49","72.14","130.97","189.54","291.42","444.20","521.15","88 "
"306","Equity Cap + ALLL","18.71","23.10","20.43","23.64","27.89 "," Equity Cap + ALLL","18.71","1.33","2.59","7.06","15.08","26.78","41.41","61.80","88 "
"319","Tier 1 Cap + ALLL","20.49","26.55","23.50","26.85","30.59 "," Tier 1 Cap + ALLL","20.49","2.62","4.84","12.76","21.87","36.10","269.02","374.70","88 "
"325","Loans & Leases + RE Acquired","3.65","4.63","4.00","4.70","4.78 "," Loans & Leases + RE Acquired","3.65","0.61","1.10","1.68","3.10","4.79","8.39","10.76","88 "
"227","Real Estate  - 30-89 Days PD","1.08","1.35","1.15","1.38","1.74 "," Real Estate  - 30,-89 Days PD","1.08","0.10","0.33","0.52","0.94","1.41","2.39","2.85","87 "
"320","- 90+ Days Past Due","0.85","0.96","0.91","0.95","0.74 ","- 90+ Days Past Due","0.84","0.00","0.00","0.00","0.22","1.10","3.77","7.19","87 "
"418","- Nonaccrual","3.22","4.78","3.74","5.21","5.49 ","- Nonaccrual","3.21","0.28","0.57","1.25","2.48","4.08","9.32","13.28","87 "
"57","Coml & Indl  - 30-89 Days PD","0.40","0.63","0.44","0.65","0.89 "," Coml & Indl  - 30,-89 Days PD","0.40","0.00","0.00","0.14","0.31","0.55","1.10","2.15","85 "
"67","- 90+ Days Past Due","0.11","0.22","0.16","0.24","0.16 ","- 90+ Days Past Due","0.11","0.00","0.00","0.00","0.03","0.13","0.56","1.04","85 "
"75","- Nonaccrual","0.95","1.60","1.13","1.91","2.48 ","- Nonaccrual","0.95","0.00","0.00","0.43","0.91","1.38","2.40","3.39","85 "
"87","Individuals  - 30-89 Days PD","1.11","1.44","1.49","1.90","2.20 "," Individuals  - 30,-89 Days PD","1.10","0.00","0.04","0.48","1.02","1.50","2.39","2.95","88 "
"96","- 90+ Days Past Due","0.35","0.62","0.54","0.62","0.62 ","- 90+ Days Past Due","0.35","0.00","0.00","0.00","0.14","0.56","1.27","1.84","88 "
"106","- Nonaccrual","0.32","0.39","0.30","0.44","0.63 ","- Nonaccrual","0.32","0.00","0.00","0.02","0.18","0.48","1.13","1.76","88 "
"116","Dep Inst Lns - 30-89 Days PD","0.00","0.00","0.02","0.00","0.09 "," Dep Inst Lns - 30,-89 Days PD","0.00","0.00","0.00","0.00","0.00","0.00","0.00","0.05","41 "
"127","- 90+ Days Past Due","0.00","0.00","0.00","0.00","0.00 ","- 90+ Days Past Due","0.00","0.00","0.00","0.00","0.00","0.00","0.00","0.00","41 "
"136","- Nonaccrual","0.00","0.00","0.00","0.00","0.17 ","- Nonaccrual","0.00","0.00","0.00","0.00","0.00","0.00","0.00","0.00","41 "
"145","Agricultural - 30-89 Days PD","0.39","0.49","0.19","0.37","0.77 "," Agricultural - 30,-89 Days PD","0.38","0.00","0.00","0.00","0.08","0.59","1.25","2.50","58 "
"156","- 90+ Days Past Due","0.03","0.04","0.03","0.04","0.04 ","- 90+ Days Past Due","0.03","0.00","0.00","0.00","0.00","0.00","0.14","0.37","58 "
"167","- Nonaccrual","1.15","2.25","1.12","2.34","1.61 ","- Nonaccrual","1.15","0.00","0.00","0.00","0.14","1.24","4.48","9.75","58 "
"173","Foreign Govts- 30-89 Days PD","0.00","0.00","0.00","0.00","7.14 "," Foreign Govts- 30,-89 Days PD","0.00","0.00","0.00","0.00","0.00","0.00","0.00","0.00","14 "
"187","- 90+ Days Past Due","0.00","0.00","0.00","0.00","0.39 ","- 90+ Days Past Due","0.00","0.00","0.00","0.00","0.00","0.00","0.00","0.00","14 "
"195","- Nonaccrual","0.18","2.86","0.16","0.62","0.00 ","- Nonaccrual","0.18","0.00","0.00","0.00","0.00","0.00","0.00","0.77","14 "
"205","Other Lns&Ls - 30-89 Days PD","0.23","0.44","0.31","0.49","0.66 "," Other Lns&Ls - 30,-89 Days PD","0.22","0.00","0.00","0.00","0.09","0.44","0.94","1.31","84 "
"2110","- 90+ Days Past Due","0.03","0.07","0.04","0.08","0.07 ","- 90+ Days Past Due","0.03","0.00","0.00","0.00","0.00","0.03","0.17","0.30","84 "
"228","- Nonaccrual","0.31","0.79","0.44","0.72","1.11 ","- Nonaccrual","0.30","0.00","0.00","0.00","0.14","0.47","0.99","2.05","84 "
"246","MEMORANDA: ",NA,NA,NA,NA,NA," MEMORANDA: ","","","","","",NA,NA,NA,NA
"257","1-4 Family- 30-89 Days PD","1.27","1.43","1.37","1.57","1.82 "," 1-4 Family- 30,-89 Days PD","1.27","0.07","0.35","0.64","1.04","1.76","2.63","3.86","85 "
"267","- 90+ Days Past Due","1.08","1.11","1.15","1.08","0.90 ","- 90+ Days Past Due","1.08","0.00","0.00","0.00","0.16","1.30","5.43","9.46","85 "
"275","- Nonaccrual","2.60","3.06","2.75","3.31","3.32 ","- Nonaccrual","2.60","0.11","0.30","0.88","1.68","3.29","8.83","12.61","85 "
"287","  Revolving- 30-89 Days PD","0.75","0.77","0.81","0.75","0.98 ","Revolving- 30,-89 Days PD","0.75","0.00","0.07","0.40","0.68","1.02","1.60","1.80","83 "
"296","- 90+ Days Past Due","0.14","0.19","0.19","0.18","0.20 ","- 90+ Days Past Due","0.14","0.00","0.00","0.00","0.01","0.25","0.58","0.81","83 "
"307","- Nonaccrual","1.11","1.27","1.02","1.34","1.19 ","- Nonaccrual","1.11","0.00","0.00","0.34","0.82","1.62","3.70","4.38","83 "
"3110","  Closed-End  - 30-89 Days PD","1.48","1.80","1.64","1.98","2.20 ","Closed-End  - 30,-89 Days PD","1.48","0.01","0.34","0.73","1.20","2.19","3.06","4.05","85 "
"326","- 90+ Days Past Due","1.43","1.52","1.53","1.45","1.18 ","- 90+ Days Past Due","1.43","0.00","0.00","0.00","0.21","1.92","7.20","10.98","85 "
"336","- Nonaccrual","3.09","3.91","3.36","4.13","4.19 ","- Nonaccrual","3.08","0.02","0.31","0.99","1.95","4.17","10.66","13.62","85 "
"345","-Jr Lien 30-89 Days PD","0.11","0.18","0.15","0.19","0.22 ","-Jr Lien 30,-89 Days PD","0.10","0.00","0.00","0.00","0.07","0.19","0.34","0.43","85 "
"354","-Jr Lien 90+ Days PD","0.02","0.05","0.03","0.05","0.05 ","-Jr Lien 90+ Days PD","0.02","0.00","0.00","0.00","0.00","0.03","0.09","0.12","85 "
"366","-Jr Lien Nonaccrual","0.17","0.26","0.19","0.29","0.28 ","-Jr Lien Nonaccrual","0.17","0.00","0.00","0.01","0.10","0.34","0.56","0.64","85 "
"376","Commercial RE - 30-89 Days PD","0.70","1.06","0.78","1.11","1.53 "," Commercial RE - 30,-89 Days PD","0.70","0.00","0.00","0.35","0.59","1.07","1.67","2.40","85 "
"386","- 90+ Days Past Due","0.46","0.55","0.44","0.57","0.43 ","- 90+ Days Past Due","0.45","0.00","0.00","0.00","0.07","0.58","2.11","5.25","85 "
"394","- Nonaccrual","3.52","5.92","4.25","6.69","7.32 ","- Nonaccrual","3.51","0.06","0.49","1.62","2.97","5.11","7.52","11.01","85 "
"404","  Const & Dev - 30-89 Days PD","1.46","1.98","1.23","1.71","2.80 ","Const & Dev - 30,-89 Days PD","1.45","0.00","0.00","0.32","0.91","2.09","4.96","6.22","83 "
"419","- 90+ Days Past Due","1.45","1.66","1.40","1.57","0.81 ","- 90+ Days Past Due","1.45","0.00","0.00","0.00","0.08","1.22","8.13","12.80","83 "
"423","- Nonaccrual","9.09","14.21","10.39","15.43","16.60 ","- Nonaccrual","9.08","0.00","0.30","2.51","7.76","13.45","20.03","28.43","83 "
"434","  Multifamily - 30-89 Days PD","0.71","1.09","0.61","0.85","1.14 ","Multifamily - 30,-89 Days PD","0.71","0.00","0.00","0.06","0.38","1.09","2.60","4.05","81 "
"444","- 90+ Days Past Due","0.26","0.38","0.19","0.41","0.32 ","- 90+ Days Past Due","0.26","0.00","0.00","0.00","0.00","0.19","1.78","2.98","81 "
"453","- Nonaccrual","1.92","3.06","2.49","3.47","3.87 ","- Nonaccrual","1.92","0.00","0.00","0.47","1.31","2.88","6.18","11.85","81 "
"463","  Nonfarm Nres- 30-89 Days PD","0.53","0.81","0.58","0.81","1.06 ","Nonfarm Nres- 30,-89 Days PD","0.53","0.00","0.00","0.25","0.45","0.83","1.21","1.58","82 "
"473","- 90+ Days Past Due","0.28","0.32","0.29","0.34","0.22 ","- 90+ Days Past Due","0.27","0.00","0.00","0.00","0.08","0.40","1.13","2.76","82 "
"482","- Nonaccrual","2.69","3.91","3.23","4.23","4.02 ","- Nonaccrual","2.69","0.00","0.06","0.98","2.25","3.73","6.89","8.94","82 "
"492","Farmland- 30-89 Days PD","0.31","0.60","0.41","0.44","0.81 "," Farmland- 30,-89 Days PD","0.31","0.00","0.00","0.00","0.11","0.47","1.44","1.77","59 "
"501","- 90+ Days Past Due","0.55","0.25","0.58","0.23","0.12 ","- 90+ Days Past Due","0.54","0.00","0.00","0.00","0.00","0.17","4.27","6.02","59 "
"511","- Nonaccrual","2.96","5.81","3.98","5.18","3.11 ","- Nonaccrual","2.96","0.00","0.00","0.00","1.64","4.54","10.08","21.12","59 "
"521","Credit Card- 30-89 Days PD","1.04","1.38","1.12","1.30","1.82 "," Credit Card- 30,-89 Days PD","1.04","0.00","0.00","0.48","1.11","1.55","2.03","2.36","55 "
"531","- 90+ Days Past Due","0.68","0.95","0.71","0.97","1.28 ","- 90+ Days Past Due","0.68","0.00","0.00","0.00","0.61","1.31","1.65","2.01","55 "
"541","- Nonaccrual","0.29","0.52","0.29","0.39","0.50 ","- Nonaccrual","0.28","0.00","0.00","0.00","0.00","0.33","1.39","1.62","55 "
"229","Tier 1 Leverage Ratio","7.78","9.15","9.34","9.03","8.69 "," Tier 1 Leverage Ratio","7.78","0.00","0.00","6.98","9.19","10.94","11.94","12.54","88 "
"327","Tier 1 RBC Ratio","13.66","13.13","13.25","12.98","11.57 "," Tier 1 RBC Ratio","13.66","0.00","0.00","10.28","12.90","14.58","16.50","17.75","88 "
"420","Total Risk-Based Capital Ratio","15.87","15.77","15.62","15.63","14.23 "," Total Risk-Based Capital Ratio","15.87","0.00","0.00","12.71","15.10","16.76","18.09","19.92","88 "
"68","Tangible Tier 1 Leverage Ratio","9.28","8.80","9.02","8.70","8.34 "," Tangible Tier 1 Leverage Ratio","9.28","-3.00","-1.18","6.59","8.72","10.60","11.45","12.44","88 "
"76","Tangible Common Eq Cap/Tan Assets","7.95","7.22","7.69","7.05","5.83 "," Tangible Common Eq Cap/Tan Assets","7.95","3.67","4.84","6.36","7.79","9.56","10.82","12.75","88 "
"88","DERIVATIVES AND ",NA,NA,NA,NA,NA," DERIVATIVES AND ","","","","","","","","",NA
"97","OFF-BALANCE-SHEET TRANSACTIONS ",NA,NA,NA,NA,NA," OFF-BALANCE-SHEET TRANSACTIONS ","","","","","","","","",NA
"117","PERCENT OF TOTAL ASSETS: ",NA,NA,NA,NA,NA," PERCENT OF TOTAL ASSETS: ","","","","","","","","",NA
"128","  Loan Commitments","22.59","26.49","27.04","24.60","25.34 ","Loan Commitments","22.59","1.63","3.71","11.37","20.76","31.83","43.22","67.79","88 "
"137","  Standby Letters of Credit","1.52","2.23","2.04","2.31","2.49 ","Standby Letters of Credit","1.51","0.00","0.00","0.18","0.96","2.62","4.32","5.74","88 "
"146","  Commercial & Similar Letters of Credit","0.06","0.07","0.08","0.08","0.07 ","Commercial & Similar Letters of Credit","0.06","0.00","0.00","0.00","0.02","0.09","0.22","0.40","88 "
"168","  Securities Lent","0.37","0.91","0.64","0.84","0.85 ","Securities Lent","0.37","0.00","0.00","0.00","0.00","0.00","2.47","8.05","88 "
"174","  Credit Derivatives (BHC as Guarantor)","0.15","2.55","2.66","2.54","2.55 ","Credit Derivatives (BHC as Guarantor)","0.14","0.00","0.00","0.00","0.00","0.03","0.72","2.32","88 "
"188","  Credit Derivatives (BHC as Beneficiary)","0.33","2.77","2.90","2.75","2.68 ","Credit Derivatives (BHC as Beneficiary)","0.33","0.00","0.00","0.00","0.00","0.08","2.08","5.93","88 "
"196","  TYPE OF DERIVATIVE INSTRUMENT: ",NA,NA,NA,NA,NA,"TYPE OF DERIVATIVE INSTRUMENT: ","","","","","","","","",NA
"206","  Derivative Contracts","48.61","112.19","114.34","106.16","85.56 ","Derivative Contracts","48.61","0.00","0.43","4.97","16.76","46.02","173.01","487.25","88 "
"2111","  Interest Rate Contracts","33.97","85.01","86.92","81.18","65.75 ","Interest Rate Contracts","33.96","0.00","0.33","4.41","12.81","39.18","123.18","306.06","88 "
"2210","Interest Rate Futures & Forward Contr","7.20","14.85","13.72","13.85","9.80 ","Interest Rate Futures & Forward Contr","7.20","0.00","0.00","0.00","0.65","4.91","44.61","83.42","88 "
"236","Written Options Contr (Int Rate)","2.17","5.25","4.46","5.08","4.88 ","Written Options Contr (Int Rate)","2.17","0.00","0.00","0.00","0.63","2.44","9.39","27.51","88 "
"247","Purchased Options Contr (Int Rate)","1.58","5.21","4.22","5.03","4.66 ","Purchased Options Contr (Int Rate)","1.58","0.00","0.00","0.00","0.05","1.41","9.20","15.21","88 "
"258","Interest Rate Swaps","19.97","53.34","62.22","51.76","41.23 ","Interest Rate Swaps","19.96","0.00","0.00","0.75","9.18","22.49","67.94","196.23","88 "
"276","  Foreign Exchange Contracts","9.50","18.96","19.34","17.41","13.12 ","Foreign Exchange Contracts","9.50","0.00","0.00","0.00","0.35","2.93","13.81","257.81","88 "
"288","Futures & Forward Foreign Exch Contr","5.85","11.46","11.58","10.24","8.44 ","Futures & Forward Foreign Exch Contr","5.85","0.00","0.00","0.00","0.19","2.14","9.35","149.02","88 "
"297","Written Options Contr (Foreign Exch)","0.15","0.84","0.60","0.62","0.55 ","Written Options Contr (Foreign Exch)","0.15","0.00","0.00","0.00","0.00","0.03","0.56","4.72","88 "
"308","Purchased Options Contr (Foreign Exch)","0.17","0.86","0.59","0.62","0.53 ","Purchased Options Contr (Foreign Exch)","0.16","0.00","0.00","0.00","0.00","0.02","0.60","4.92","88 "
"3111","Foreign Exchange Rate Swaps","0.82","2.77","4.06","2.25","1.44 ","Foreign Exchange Rate Swaps","0.81","0.00","0.00","0.00","0.00","0.20","2.32","25.98","88 "
"337","  Equity,Commodity, & Other Deriv Contr","2.32","3.07","3.43","2.77","2.60 ","Equity,Commodity, & Other Deriv Contr","2.32","0.00","0.00","0.00","0.00","1.34","12.67","33.68","88 "
"346","Commodity & Other Fut & Forward Contr","0.18","0.35","0.28","0.32","0.24 ","Commodity & Other Fut & Forward Contr","0.18","0.00","0.00","0.00","0.00","0.00","0.62","4.85","88 "
"355","Written Options Contr (Comm & Other)","0.59","1.20","1.30","1.16","0.94 ","Written Options Contr (Comm & Other)","0.58","0.00","0.00","0.00","0.00","0.31","2.77","9.24","88 "
"367","Purchased Options Contr (Comm & Oth)","0.46","0.75","0.96","0.68","0.67 ","Purchased Options Contr (Comm & Oth)","0.45","0.00","0.00","0.00","0.00","0.27","2.77","6.03","88 "
"377","Commodity & Other Swaps","0.28","0.48","0.50","0.35","0.35 ","Commodity & Other Swaps","0.27","0.00","0.00","0.00","0.00","0.11","1.80","3.37","88 "
"395","PERCENT OF AVERAGE LOANS AND LEASES: ",NA,NA,NA,NA,NA," PERCENT OF AVERAGE LOANS AND LEASES: ","","","","","","","","",NA
"405","  Loan Commitments","45.64","54.95","57.94","50.58","50.09 ","Loan Commitments","45.64","3.46","6.05","22.59","34.90","54.26","118.01","183.78","88 "
"230","Interest Rate Contracts","85.98","87.03","84.64","87.69","89.28 "," Interest Rate Contracts","85.97","15.63","39.67","73.01","91.01","99.76","100.00","100.00","83 "
"328","Foreign Exchange Contracts","7.85","8.50","9.68","8.20","6.97 "," Foreign Exchange Contracts","7.84","0.00","0.00","0.00","1.92","12.74","27.61","69.47","83 "
"424","Equity, Comm, & Other Contracts","3.33","2.61","3.29","2.32","2.05 "," Equity, Comm, & Other Contracts","3.32","0.00","0.00","0.00","0.00","3.71","17.53","30.23","83 "
"69","Futures and Forwards","23.60","23.51","24.97","25.32","19.21 "," Futures and Forwards","23.60","0.00","0.38","7.27","16.40","32.73","60.63","77.07","83 "
"77","Written Options","9.69","7.38","8.58","7.79","7.85 "," Written Options","9.68","0.00","0.00","1.75","7.05","12.63","38.25","42.47","83 "
"89","  Exchange-Traded","0.22","0.41","0.31","0.33","0.26 ","Exchange-Traded","0.21","0.00","0.00","0.00","0.00","0.00","1.56","2.65","83 "
"98","  Over-The-Counter","8.71","6.71","7.78","7.09","7.41 ","Over-The-Counter","8.71","0.00","0.00","0.99","6.18","12.17","35.67","41.24","83 "
"107","Purchased Options","4.42","4.42","4.67","4.47","5.07 "," Purchased Options","4.42","0.00","0.00","0.00","2.57","7.34","16.44","32.97","83 "
"118","  Exchange-Traded","0.15","0.40","0.25","0.30","0.30 ","Exchange-Traded","0.15","0.00","0.00","0.00","0.00","0.00","1.05","2.49","83 "
"129","  Over-The-Counter","4.15","3.79","3.96","3.76","4.52 ","Over-The-Counter","4.15","0.00","0.00","0.00","2.44","6.59","16.44","30.82","83 "
"138","Swaps","53.26","56.34","58.91","55.17","58.12 "," Swaps","53.26","0.00","0.00","31.98","64.67","79.28","88.24","98.10","83 "
"157","Held for Trading","43.48","51.11","50.23","51.40","47.50 "," Held for Trading","43.47","0.00","0.00","0.00","47.17","87.85","97.73","99.41","83 "
"169","  Interest Rate Contracts","33.91","41.28","39.43","42.14","38.99 ","Interest Rate Contracts","33.91","0.00","0.00","0.00","32.79","73.12","84.44","90.92","83 "
"175","  Foreign Exchange Contracts","3.62","4.52","4.83","4.24","3.58 ","Foreign Exchange Contracts","3.62","0.00","0.00","0.00","0.00","4.31","20.22","33.56","83 "
"189","  Equity, Comm, & Other Contracts","0.99","1.22","1.52","1.09","1.05 ","Equity, Comm, & Other Contracts","0.99","0.00","0.00","0.00","0.00","0.01","4.21","15.97","83 "
"207","Non-Traded","56.52","48.89","49.77","48.60","52.50 "," Non-Traded","56.52","0.52","1.44","11.58","41.01","100.00","100.00","100.00","83 "
"2112","  Interest Rate Contracts","47.57","43.08","35.88","42.56","47.64 ","Interest Rate Contracts","47.57","0.02","0.52","8.42","34.10","87.60","100.00","100.00","83 "
"2211","  Foreign Exchange Contracts","1.97","1.78","2.02","1.37","1.09 ","Foreign Exchange Contracts","1.97","0.00","0.00","0.00","0.00","0.90","12.75","26.03","83 "
"237","  Equity, Comm, & Other Contracts","1.09","0.38","0.71","0.50","0.25 ","Equity, Comm, & Other Contracts","1.08","0.00","0.00","0.00","0.00","0.43","6.38","17.77","83 "
"259","Deriv Contr (Excl Fut & FX LE 14 Days)","81.27","80.40","79.47","82.32","83.30 "," Deriv Contr (Excl Fut & FX LE 14 Days)","81.27","0.00","0.00","56.32","84.52","93.62","99.84","99.99","83 "
"268","  One Year or Less","29.19","29.35","32.33","31.49","29.75 ","One Year or Less","29.19","0.00","0.00","7.02","21.63","40.62","59.57","74.44","83 "
"277","  Over 1 Year to 5 Years","31.11","29.94","27.39","29.22","32.85 ","Over 1 Year to 5 Years","31.11","0.00","0.00","0.40","29.58","46.64","58.29","70.09","83 "
"289","  Over 5 Years","14.81","13.29","12.84","14.32","12.21 ","Over 5 Years","14.81","0.00","0.00","1.34","10.58","23.16","31.52","39.25","83 "
"298","Gross Negative Fair Value (Abs Val)","1.99","1.71","2.16","1.87","1.59 "," Gross Negative Fair Value (Abs Val)","1.99","0.07","0.21","0.98","1.93","2.93","3.83","4.43","83 "
"309","Gross Positive Fair Value","1.81","1.65","2.10","1.94","1.84 "," Gross Positive Fair Value","1.81","0.07","0.21","0.79","1.79","2.59","3.49","4.03","83 "
"329","PERCENT OF TIER 1 CAPITAL: ",NA,NA,NA,NA,NA," PERCENT OF TIER 1 CAPITAL: ","","","",NA,NA,NA,NA,NA,NA
"338","Gross Negative Fair Value, Abs Val (X)","0.35","0.21","0.30","0.23","0.21 "," Gross Negative Fair Value, Abs Val (X)","0.35","0.00","0.00","0.01","0.04","0.11","0.48","1.83","74 "
"347","Gross Positive Fair Value (X)","0.36","0.21","0.31","0.23","0.21 "," Gross Positive Fair Value (X)","0.36","0.00","0.00","0.00","0.04","0.13","0.50","1.84","74 "
"356","  Held for Trading (X)","0.30","0.17","0.26","0.19","0.16 ","Held for Trading (X)","0.30","0.00","0.00","0.00","0.01","0.08","0.49","1.75","74 "
"368","  Non-Traded (X)","0.03","0.03","0.03","0.03","0.02 ","Non-Traded (X)","0.03","0.00","0.00","0.00","0.00","0.04","0.08","0.14","74 "
"378","Current Credit Exposure (X)","0.09","0.08","0.11","0.10","0.09 "," Current Credit Exposure (X)","0.09","0.00","0.00","0.00","0.03","0.10","0.23","0.40","74 "
"387","Credit Losses on Derivative Contracts","0.00","0.01","0.02","0.03","0.02 "," Credit Losses on Derivative Contracts","0.00","0.00","0.00","0.00","0.00","0.00","0.01","0.01","74 "
"406","PAST DUE DERIVATIVE INSTRUMENTS ",NA,NA,NA,NA,NA," PAST DUE DERIVATIVE INSTRUMENTS ","","","",NA,NA,NA,NA,NA,NA
"4110","FAIR VALUE: ",NA,NA,NA,NA,NA," FAIR VALUE: ","","","",NA,NA,NA,NA,NA,NA
"425","  30-89 Days Past Due","0.00","0.00","0.00","0.00","0.00 ","30-89 Days Past Due","0.00","0.00","0.00","0.00","0.00","0.00","0.00","0.00","74 "
"435","  90+ Days Past Due","0.00","0.00","0.00","0.00","0.00 ","90+ Days Past Due","0.00","0.00","0.00","0.00","0.00","0.00","0.00","0.00","74 "
"445","OTHER RATIOS: ",NA,NA,NA,NA,NA," OTHER RATIOS: ","","","",NA,NA,NA,NA,NA,NA
"454","Current Credit Exposure/Risk Wtd Asts","1.10","1.02","1.31","1.22","1.01 "," Current Credit Exposure/Risk Wtd Asts","1.10","0.00","0.00","0.05","0.45","1.20","3.06","6.07","74 "
"238","ANALYSIS RATIOS: ",NA,NA,NA,NA,NA," ANALYSIS RATIOS: ","","","","","","",NA,NA,NA
"330","Ins Underwriting Assets/Consol Assets","0.10","N/A","N/A","N/A","N/A "," Ins Underwriting Assets/Consol Assets","0.10","0.00","0.00","0.00","0.00","0.05","0.29","2.38","88 "
"426","  Ins Under Assets(P/C)/Tot Ins Und Ast","46.57","47.52","47.22","45.80","48.36 ","Ins Under Assets(P/C)/Tot Ins Und Ast","46.57","0.00","0.00","0.00","25.15","98.13","100.00","100.00","36 "
"58","  Ins Under Assets(L/H)/Tot Ins Und Ast","53.43","52.48","52.78","54.20","51.64 ","Ins Under Assets(L/H)/Tot Ins Und Ast","53.42","0.00","0.00","0.00","74.55","100.00","100.00","100.00","36 "
"610","Sep Acct Assets(L/H)/Total Life Ast","5.36","1.73","1.57","1.95","2.42 ","Sep Acct Assets(L/H)/Total Life Ast","5.35","0.00","0.00","0.00","0.00","0.00","30.78","60.75","27 "
"810","Ins Activities Revenue/Adj Oper Inc","1.22","0.99","0.95","1.00","1.08 "," Ins Activities Revenue/Adj Oper Inc","1.21","0.00","0.00","0.03","0.27","1.75","4.38","12.70","88 "
"99","  Premium Inc/Ins Activities Revenue","10.65","12.14","12.00","14.18","14.67 ","Premium Inc/Ins Activities Revenue","10.65","0.00","0.00","0.00","0.00","12.71","60.90","82.71","72 "
"108","Credit Rel Prem Inc/Tot Prem Inc","59.25","62.25","60.30","61.98","63.75 ","Credit Rel Prem Inc/Tot Prem Inc","59.25","0.00","0.00","0.00","87.16","100.00","100.00","100.00","28 "
"119","Other Prem Inc/Total Prem Inc","40.75","37.75","39.70","38.02","36.25 ","Other Prem Inc/Total Prem Inc","40.74","0.00","0.00","0.00","0.18","95.16","100.00","100.00","28 "
"139","Ins Under Net Income/Consol Net Income","0.35","0.42","0.44","0.53","0.34 "," Ins Under Net Income/Consol Net Income","0.35","-0.19","-0.00","0.00","0.00","0.04","2.23","4.44","88 "
"147","  Ins Net Inc (P/C)/Equity (P/C)","4.76","7.40","7.03","8.71","-4.71 ","Ins Net Inc (P/C)/Equity (P/C)","4.75","-29.68","-18.00","-2.52","3.91","12.78","18.53","24.48","23 "
"158","  Ins Net Inc (L/H)/Equity (L/H)","6.05","4.60","4.99","5.19","4.19 ","Ins Net Inc (L/H)/Equity (L/H)","6.04","-1.13","-0.16","1.17","2.81","10.86","15.08","15.59","27 "
"1610","Insur Ben, Losses, Exp/Insur Premiums","133.02","377.63","378.79","185.18","145.18 "," Insur Ben, Losses, Exp/Insur Premiums","133.02","5.90","24.08","49.65","76.24","189.75","327.36","502.20","28 "
"1810","Reinsurance Recov(P/C)/Tot Assets(P/C)","0.75","0.64","2.39","1.34","0.92 "," Reinsurance Recov(P/C)/Tot Assets(P/C)","0.75","0.00","0.00","0.00","0.00","0.08","3.50","7.35","24 "
"197","Reinsurance Recov(L/H)/Tot Assets(L/H)","0.43","0.39","0.10","0.36","0.31 "," Reinsurance Recov(L/H)/Tot Assets(L/H)","0.43","0.00","0.00","0.00","0.00","0.06","1.72","5.12","27 "
"2113","Net Assets Ins Under Subs/Cons Assets","0.01","0.02","0.02","0.02","0.02 "," Net Assets Ins Under Subs/Cons Assets","0.01","0.00","0.00","0.00","0.00","0.00","0.03","0.26","88 "
"2212","CSV Life Insurance/Tier 1 Cap + ALLL","9.06","9.27","9.27","9.27","9.42 "," CSV Life Insurance/Tier 1 Cap + ALLL","9.06","0.00","0.00","0.66","7.19","19.88","26.45","44.08","88 "
"248","BROKER-DEALER ACTIVITIES ",NA,NA,NA,NA,NA," BROKER-DEALER ACTIVITIES ","","","","","","",NA,NA,NA
"269","Net Assets Broker-Dealer Subs/Cons Asts","0.75","1.43","1.29","1.39","0.83 "," Net Assets Broker-Dealer Subs/Cons Asts","0.74","0.00","0.00","0.00","0.00","0.11","2.39","16.25","88 "
"278","FOREIGN ACTIVITIES ",NA,NA,NA,NA,NA," FOREIGN ACTIVITIES ","","","","","","",NA,NA,NA
"299","Yield: Foreign Loans","2.73","2.76","2.44","3.64","3.35 "," Yield: Foreign Loans","2.73","0.00","0.00","0.00","0.31","4.70","11.20","15.91","63 "
"3010","Cost: Interest-Bearing Deposits","0.47","0.54","0.50","0.48","0.72 "," Cost: Interest-Bearing Deposits","0.47","0.03","0.05","0.14","0.24","0.41","1.51","2.58","42 "
"3210","NET LOSSES AS % OF FOREIGN LNS&LS BY TYPE: ",NA,NA,NA,NA,NA," NET LOSSES AS % OF FOREIGN LNS&LS BY TYPE: ","","","","","","",NA,NA,NA
"339","  Real Estate Loans","3.56","1.98","3.56","194.12","173.52 ","Real Estate Loans","3.56","0.00","0.00","0.00","0.17","5.32","8.45","9.49","6 "
"348","  Commercial and Industrial Loans","1.50","1.45","0.93","1.06","1.51 ","Commercial and Industrial Loans","1.49","0.00","0.02","0.10","0.49","2.12","4.56","4.65","13 "
"357","  Foreign Governments and Inst","0.00","-0.05","-0.11","-0.13","0.00 ","Foreign Governments and Inst","0.00","0.00","0.00","0.00","0.00","0.00","0.00","0.00","14 "
"369","GROWTH RATES: ",NA,NA,NA,NA,NA," GROWTH RATES: ","","","","","","",NA,NA,NA
"379","Net Loans and Leases","30.33","12.47","36.83","22.91","-6.04 "," Net Loans and Leases","30.33  -10","0.00","-37.73","-9.41","9.13","36.21","129.52","243.88","54 "
"388","Total Selected Assets","58.26","38.72","60.10","16.54","4.40 "," Total Selected Assets","58.25  -10","0.00","-39.96","-8.87","8.60","43.84","178.59  108,9.90",NA,"59 "
"396","Deposits","-12.78","6.67","-13.17","0.96","-12.79 "," Deposits","-12.78  -10","0.00","-97.20","-44.97","-7.47","9.25","26.70","52.17","41 "
"239","ANALYSIS RATIOS: ",NA,NA,NA,NA,NA," ANALYSIS RATIOS: ","","","","","","",NA,NA,NA
"340","Ins Underwriting Assets/Consol Assets","0.10","N/A","N/A","N/A","N/A "," Ins Underwriting Assets/Consol Assets","0.10","0.00","0.00","0.00","0.00","0.05","0.29","2.38","88 "
"427","  Ins Under Assets(P/C)/Tot Ins Und Ast","46.57","47.52","47.22","45.80","48.36 ","Ins Under Assets(P/C)/Tot Ins Und Ast","46.57","0.00","0.00","0.00","25.15","98.13","100.00","100.00","36 "
"59","  Ins Under Assets(L/H)/Tot Ins Und Ast","53.43","52.48","52.78","54.20","51.64 ","Ins Under Assets(L/H)/Tot Ins Und Ast","53.42","0.00","0.00","0.00","74.55","100.00","100.00","100.00","36 "
"611","Sep Acct Assets(L/H)/Total Life Ast","5.36","1.73","1.57","1.95","2.42 ","Sep Acct Assets(L/H)/Total Life Ast","5.35","0.00","0.00","0.00","0.00","0.00","30.78","60.75","27 "
"811","Ins Activities Revenue/Adj Oper Inc","1.22","0.99","0.95","1.00","1.08 "," Ins Activities Revenue/Adj Oper Inc","1.21","0.00","0.00","0.03","0.27","1.75","4.38","12.70","88 "
"910","  Premium Inc/Ins Activities Revenue","10.65","12.14","12.00","14.18","14.67 ","Premium Inc/Ins Activities Revenue","10.65","0.00","0.00","0.00","0.00","12.71","60.90","82.71","72 "
"109","Credit Rel Prem Inc/Tot Prem Inc","59.25","62.25","60.30","61.98","63.75 ","Credit Rel Prem Inc/Tot Prem Inc","59.25","0.00","0.00","0.00","87.16","100.00","100.00","100.00","28 "
"1110","Other Prem Inc/Total Prem Inc","40.75","37.75","39.70","38.02","36.25 ","Other Prem Inc/Total Prem Inc","40.74","0.00","0.00","0.00","0.18","95.16","100.00","100.00","28 "
"1310","Ins Under Net Income/Consol Net Income","0.35","0.42","0.44","0.53","0.34 "," Ins Under Net Income/Consol Net Income","0.35","-0.19","-0.00","0.00","0.00","0.04","2.23","4.44","88 "
"148","  Ins Net Inc (P/C)/Equity (P/C)","4.76","7.40","7.03","8.71","-4.71 ","Ins Net Inc (P/C)/Equity (P/C)","4.75","-29.68","-18.00","-2.52","3.91","12.78","18.53","24.48","23 "
"159","  Ins Net Inc (L/H)/Equity (L/H)","6.05","4.60","4.99","5.19","4.19 ","Ins Net Inc (L/H)/Equity (L/H)","6.04","-1.13","-0.16","1.17","2.81","10.86","15.08","15.59","27 "
"1611","Insur Ben, Losses, Exp/Insur Premiums","133.02","377.63","378.79","185.18","145.18 "," Insur Ben, Losses, Exp/Insur Premiums","133.02","5.90","24.08","49.65","76.24","189.75","327.36","502.20","28 "
"1811","Reinsurance Recov(P/C)/Tot Assets(P/C)","0.75","0.64","2.39","1.34","0.92 "," Reinsurance Recov(P/C)/Tot Assets(P/C)","0.75","0.00","0.00","0.00","0.00","0.08","3.50","7.35","24 "
"198","Reinsurance Recov(L/H)/Tot Assets(L/H)","0.43","0.39","0.10","0.36","0.31 "," Reinsurance Recov(L/H)/Tot Assets(L/H)","0.43","0.00","0.00","0.00","0.00","0.06","1.72","5.12","27 "
"2114","Net Assets Ins Under Subs/Cons Assets","0.01","0.02","0.02","0.02","0.02 "," Net Assets Ins Under Subs/Cons Assets","0.01","0.00","0.00","0.00","0.00","0.00","0.03","0.26","88 "
"2213","CSV Life Insurance/Tier 1 Cap + ALLL","9.06","9.27","9.27","9.27","9.42 "," CSV Life Insurance/Tier 1 Cap + ALLL","9.06","0.00","0.00","0.66","7.19","19.88","26.45","44.08","88 "
"249","BROKER-DEALER ACTIVITIES ",NA,NA,NA,NA,NA," BROKER-DEALER ACTIVITIES ","","","","","","",NA,NA,NA
"2610","Net Assets Broker-Dealer Subs/Cons Asts","0.75","1.43","1.29","1.39","0.83 "," Net Assets Broker-Dealer Subs/Cons Asts","0.74","0.00","0.00","0.00","0.00","0.11","2.39","16.25","88 "
"279","FOREIGN ACTIVITIES ",NA,NA,NA,NA,NA," FOREIGN ACTIVITIES ","","","","","","",NA,NA,NA
"2910","Yield: Foreign Loans","2.73","2.76","2.44","3.64","3.35 "," Yield: Foreign Loans","2.73","0.00","0.00","0.00","0.31","4.70","11.20","15.91","63 "
"3011","Cost: Interest-Bearing Deposits","0.47","0.54","0.50","0.48","0.72 "," Cost: Interest-Bearing Deposits","0.47","0.03","0.05","0.14","0.24","0.41","1.51","2.58","42 "
"3211","NET LOSSES AS % OF FOREIGN LNS&LS BY TYPE: ",NA,NA,NA,NA,NA," NET LOSSES AS % OF FOREIGN LNS&LS BY TYPE: ","","","","","","",NA,NA,NA
"3310","  Real Estate Loans","3.56","1.98","3.56","194.12","173.52 ","Real Estate Loans","3.56","0.00","0.00","0.00","0.17","5.32","8.45","9.49","6 "
"349","  Commercial and Industrial Loans","1.50","1.45","0.93","1.06","1.51 ","Commercial and Industrial Loans","1.49","0.00","0.02","0.10","0.49","2.12","4.56","4.65","13 "
"358","  Foreign Governments and Inst","0.00","-0.05","-0.11","-0.13","0.00 ","Foreign Governments and Inst","0.00","0.00","0.00","0.00","0.00","0.00","0.00","0.00","14 "
"3610","GROWTH RATES: ",NA,NA,NA,NA,NA," GROWTH RATES: ","","","","","","",NA,NA,NA
"3710","Net Loans and Leases","30.33","12.47","36.83","22.91","-6.04 "," Net Loans and Leases","30.33  -10","0.00","-37.73","-9.41","9.13","36.21","129.52","243.88","54 "
"389","Total Selected Assets","58.26","38.72","60.10","16.54","4.40 "," Total Selected Assets","58.25  -10","0.00","-39.96","-8.87","8.60","43.84","178.59  108,9.90",NA,"59 "
"397","Deposits","-12.78","6.67","-13.17","0.96","-12.79 "," Deposits","-12.78  -10","0.00","-97.20","-44.97","-7.47","9.25","26.70","52.17","41 "
"240","Div Paid/Inc Before Undist Inc","66.50","155.60","68.74","73.55","106.22 "," Div Paid/Inc Before Undist Inc","66.49","0.00","0.00","16.58","45.48","105.57","167.66","226.34","56 "
"350","Dividends Paid/Net Income","25.25","23.61","23.86","35.75","59.69 "," Dividends Paid/Net Income","25.24","0.00","0.00","1.65","25.27","44.39","70.38","91.47","84 "
"428","Net Income - Dividends/Avg Equity","5.52","5.16","4.78","3.13","-7.11 "," Net Income - Dividends/Avg Equity","5.52","-1.86","0.28","2.50","5.46","8.05","10.45","15.08","88 "
"612","PERCENT OF DIVIDENDS PAID: ",NA,NA,NA,NA,NA," PERCENT OF DIVIDENDS PAID: ","","","","","",NA,NA,NA,NA
"78","  Dividends From Bank Subs","116.67","64.20","117.47","83.88","59.06 ","Dividends From Bank Subs","116.67","0.00","0.00","0.00","59.81","148.03","419.52","888.42","68 "
"812","  Dividends From Nonbank Subs","7.94","4.48","17.65","12.50","7.65 ","Dividends From Nonbank Subs","7.93","0.00","0.00","0.00","0.00","6.41","44.60","93.71","68 "
"911","  Dividends From Subsidiary BHCs","20.42","13.73","45.00","32.86","7.04 ","Dividends From Subsidiary BHCs","20.42","0.00","0.00","0.00","0.00","0.00","123.95","245.91","68 "
"1010","Dividends From All Subsidiaries","223.87","135.78","232.45","187.24","85.50 ","Dividends From All Subsidiaries","223.86","0.00","0.00","9.11","122.14","266.81  101,2.93  136,8.35",NA,NA,"68 "
"1210","PAYOUT RATIOS - SUBSIDIARIES: ",NA,NA,NA,NA,NA," PAYOUT RATIOS - SUBSIDIARIES: ","","","","","",NA,NA,NA,NA
"1311","  PERCENT OF BANK NET INCOME: ",NA,NA,NA,NA,NA,"PERCENT OF BANK NET INCOME: ","","","","","",NA,NA,NA,NA
"149","Dividends From Bank Subs","38.28","26.77","36.33","27.49","60.02 ","Dividends From Bank Subs","38.27","0.00","0.00","0.00","36.61","67.18","103.09","150.81","64 "
"1510","Interest Income From Bank Subs","0.69","1.56","1.09","2.76","2.70 ","Interest Income From Bank Subs","0.68","0.00","0.00","0.00","0.06","0.50","3.98","6.37","64 "
"1612","Mgt & Service Fees From Bank Subs","2.95","4.42","5.64","6.45","17.80 ","Mgt & Service Fees From Bank Subs","2.94","0.00","0.00","0.00","0.00","0.46","16.79","41.37","64 "
"176","Other Income From Bank Subs","0.00","0.00","0.02","0.36","0.55 ","Other Income From Bank Subs","0.00","0.00","0.00","0.00","0.00","0.00","0.00","0.00","64 "
"1812","Operating Income From Bank Subs","48.80","36.82","50.12","57.67","86.13 ","Operating Income From Bank Subs","48.79","0.00","0.05","1.74","48.25","80.20","116.06","151.13","64 "
"208","  PERCENT OF NONBANK NET INCOME: ",NA,NA,NA,NA,NA,"PERCENT OF NONBANK NET INCOME: ","","","","","",NA,NA,NA,NA
"2115","Dividends From Nonbank Subs","29.44","24.45","67.04","53.42","66.78 ","Dividends From Nonbank Subs","29.43","0.00","0.00","0.00","0.01","66.73","103.90","125.27","55 "
"2214","Interest Income From Nonbank Subs","10.68","10.46","15.69","15.92","61.03 ","Interest Income From Nonbank Subs","10.67","0.00","0.00","0.00","0.87","14.21","54.74","65.82","55 "
"2310","Mgt & Serv Fees From Nonbank Subs","3.07","2.96","2.98","5.72","4.56 ","Mgt & Serv Fees From Nonbank Subs","3.07","0.00","0.00","0.00","0.00","0.56","14.18","33.22","55 "
"2410","Other Income From Nonbank Subs","0.63","0.78","0.52","0.09","0.99 ","Other Income From Nonbank Subs","0.62","0.00","0.00","0.00","0.00","0.00","0.40","9.69","55 "
"2510","Operating Inc From Nonbank Subs","61.79","46.15","107.00","97.25","145.41 ","Operating Inc From Nonbank Subs","61.79","0.00","0.00","1.22","24.74","100.00","176.54","296.50","55 "
"2611","  PERCENT OF SUB BHCs' NET INCOME: ",NA,NA,NA,NA,NA,"PERCENT OF SUB BHCs' NET INCOME: ","","","","","",NA,NA,NA,NA
"2710","Dividends From Subsidiary BHCs","23.56","18.69","47.86","50.38","42.02 ","Dividends From Subsidiary BHCs","23.55","0.00","0.00","0.00","0.00","45.84","79.06","94.08","30 "
"2810","Interest Inc From Subsidiary BHCs","0.59","0.59","1.02","1.39","1.41 ","Interest Inc From Subsidiary BHCs","0.58","0.00","0.00","0.00","0.00","0.01","3.01","4.59","30 "
"2911","Mgt & Serv Fees From Sub BHCs","1.05","1.41","1.15","2.41","2.35 ","Mgt & Serv Fees From Sub BHCs","1.04","0.00","0.00","0.00","0.00","0.00","4.21","13.07","30 "
"3012","Other Income From Subsidiary BHCs","0.00","0.00","0.00","0.00","0.00 ","Other Income From Subsidiary BHCs","0.00","0.00","0.00","0.00","0.00","0.00","0.00","0.00","30 "
"3112","Operating Income From Sub BHCs","26.63","22.10","51.44","54.18","45.78 ","Operating Income From Sub BHCs","26.62","0.00","0.00","0.00","14.51","45.90","89.88","103.57","30 "
"3311","DEPENDENCE ON SUBSIDIARIES: ",NA,NA,NA,NA,NA," DEPENDENCE ON SUBSIDIARIES: ","","","","","",NA,NA,NA,NA
"3410","  PERCENT OF TOTAL OPERATING INCOME: ",NA,NA,NA,NA,NA,"PERCENT OF TOTAL OPERATING INCOME: ","","","","","",NA,NA,NA,NA
"359","Dividends From Bank Subsidiaries","33.52","19.66","36.15","24.89","32.65 ","Dividends From Bank Subsidiaries","33.52","0.00","0.00","0.00","0.00","84.12","99.47","100.00","84 "
"3611","Interest Income From Bank Subs","4.09","9.00","2.34","3.50","6.16 ","Interest Income From Bank Subs","4.09","0.00","0.00","0.00","0.08","3.10","26.57","52.39","84 "
"3711","Mgt & Serv Fees From Bank Subs","2.80","6.61","5.15","10.18","7.20 ","Mgt & Serv Fees From Bank Subs","2.79","0.00","0.00","0.00","0.00","0.18","15.90","43.19","84 "
"3810","Other Income From Bank Subs","0.00","0.00","0.00","0.01","0.03 ","Other Income From Bank Subs","0.00","0.00","0.00","0.00","0.00","0.00","0.00","0.00","84 "
"398","Operating Income From Bank Subs","50.81","44.49","52.12","46.82","54.97 ","Operating Income From Bank Subs","50.81","0.00","0.00","0.93","56.87","98.35","100.00","100.00","84 "
"4111","Dividends From Nonbank Subs","3.20","3.03","6.87","8.28","5.57 ","Dividends From Nonbank Subs","3.20","0.00","0.00","0.00","0.00","1.76","16.33","38.92","84 "
"429","Interest Income From Nonbank Subs","3.70","6.30","3.21","4.14","4.19 ","Interest Income From Nonbank Subs","3.70","0.00","0.00","0.00","0.00","1.92","23.02","43.65","84 "
"436","Mgt & Serv Fees From Nonbank Subs","0.38","0.58","0.32","0.33","0.13 ","Mgt & Serv Fees From Nonbank Subs","0.38","0.00","0.00","0.00","0.00","0.00","2.55","5.38","84 "
"446","Other Income From Nonbank Subs","0.07","0.10","0.03","0.00","0.00 ","Other Income From Nonbank Subs","0.06","0.00","0.00","0.00","0.00","0.00","0.00","2.68","84 "
"455","Operating Inc From Nonbank Subs","11.13","15.39","13.97","16.65","12.90 ","Operating Inc From Nonbank Subs","11.12","0.00","0.00","0.00","1.61","21.28","42.81","82.79","84 "
"474","Dividends From Subsidiary BHCs","7.31","5.79","10.16","8.88","3.66 ","Dividends From Subsidiary BHCs","7.30","0.00","0.00","0.00","0.00","0.00","67.79","88.95","84 "
"483","Interest Inc From Subsidiary BHCs","0.12","0.42","0.26","0.26","0.71 ","Interest Inc From Subsidiary BHCs","0.12","0.00","0.00","0.00","0.00","0.00","0.13","3.52","84 "
"493","Mgt & Serv Fees From Sub BHCs","0.00","0.00","0.00","0.00","0.01 ","Mgt & Serv Fees From Sub BHCs","0.00","0.00","0.00","0.00","0.00","0.00","0.00","0.04","84 "
"502","Other Income From Subsidiary BHCs","0.00","0.00","0.00","0.00","0.00 ","Other Income From Subsidiary BHCs","0.00","0.00","0.00","0.00","0.00","0.00","0.00","0.00","84 "
"512","Operating Income From Sub BHCs","9.48","9.22","12.20","10.64","6.85 ","Operating Income From Sub BHCs","9.48","0.00","0.00","0.00","0.00","0.02","80.85","97.11","84 "
"532","  Loans and Adv From Subs/ST Debt","285.00","300.33","307.77","718.14","585.90 ","Loans and Adv From Subs/ST Debt","284.99","0.00","0.61","28.35","107.13","392.81","627.63  143,8.18",NA,"31 "
"542","  Loans and Adv From Subs/Total Debt","61.71","67.14","58.77","73.30","130.59 ","Loans and Adv From Subs/Total Debt","61.70","0.00","0.00","0.76","17.90","51.11","276.87","405.43","57 "
