"","X","X09.30.2013","X09.30.2012","X12.31.2012","X12.31.2011","X12.31.2010","X","RATIO","5%","10%","25%","50%","75%","90%","95%","Count"
"2","Number of BHCs in Peer Group","93","90","90","70","70 "," Number of BHCs in Peer Group","","",NA,NA,NA,NA,NA,NA,"93 "
"4","EARNINGS AND PROFITABILITY ",NA,NA,NA,NA,NA," EARNINGS AND PROFITABILITY ","","",NA,NA,NA,NA,NA,NA,NA
"6","PERCENT OF AVERAGE ASSETS: ",NA,NA,NA,NA,NA," PERCENT OF AVERAGE ASSETS: ","","",NA,NA,NA,NA,NA,NA,NA
"7","  Net Interest Income (TE)","2.81","2.91","2.90","3.04","3.04 ","Net Interest Income (TE)","2.80","0.98","1.26","2.38","3.00","3.24","3.89","4.67","93 "
"8","  + Non-interest Income","1.81","1.74","1.88","1.61","1.89 ","+ Non-interest Income","1.81","0.11","0.34","0.93","1.49","2.42","3.59","7.00","93 "
"9","  - Overhead Expense","3.19","3.22","3.34","3.16","3.19 ","- Overhead Expense","3.19","1.34","1.59","2.55","2.98","3.56","4.65","8.29","93 "
"10","  - Provision for Losses","0.19","0.32","0.33","0.49","1.10 ","- Provision for Losses","0.19","-0.07","-0.01","0.02","0.13","0.27","0.51","1.10","93 "
"11","  + Securities Gains (Losses)","0.02","0.04","0.04","0.05","0.06 ","+ Securities Gains (Losses)","0.02","-0.03","-0.00","0.00","0.00","0.04","0.09","0.13","93 "
"12","  + Other Tax Equiv Adjustments","0.00","0.00","0.00","0.00","0.00 ","+ Other Tax Equiv Adjustments","0.00","-0.00","-0.00","0.00","0.00","0.00","0.00","0.01","93 "
"13","  = Pretax Net Oper Income (TE)","1.41","1.28","1.28","1.12","0.77 ","= Pretax Net Oper Income (TE)","1.41","0.25","0.59","1.02","1.35","1.81","2.29","2.60","93 "
"14","  Net Operating Income","0.95","0.85","0.88","0.72","0.51 ","Net Operating Income","0.94","0.18","0.40","0.68","0.89","1.18","1.59","1.64","93 "
"15","  Net Income","0.95","0.85","0.87","0.72","0.51 ","Net Income","0.94","0.16","0.38","0.68","0.90","1.18","1.59","1.64","93 "
"16","  Net Income (Sub S Adjusted)","N/A","0.11","0.17","N/A","N/A ","Net Income (Sub S Adjusted)","N/AN/A","","N/A","N/A","N/A","N/A","N/A","N/A","0 "
"18","PERCENT OF AVG EARNING ASSETS: ",NA,NA,NA,NA,NA," PERCENT OF AVG EARNING ASSETS: ","","",NA,NA,NA,NA,NA,NA,NA
"19","  Interest Income (TE)","3.83","4.13","4.07","4.32","4.54 ","Interest Income (TE)","3.83","1.57","2.62","3.39","3.77","4.31","5.10","6.21","93 "
"20","  Interest Expense","0.61","0.75","0.74","0.88","1.07 ","Interest Expense","0.60","0.14","0.24","0.31","0.46","0.85","1.29","1.69","93 "
"21","  Net Interest Income (TE)","3.17","3.31","3.28","3.37","3.39 ","Net Interest Income (TE)","3.17","1.09","1.51","2.76","3.30","3.61","4.18","5.07","93 "
"22","LOSSES, ALLOW, AND PAST DUE+NONACCR: ",NA,NA,NA,NA,NA," LOSSES, ALLOW, AND PAST DUE+NONACCR: ","","",NA,NA,NA,NA,NA,NA,NA
"23","  Net Ln&Ls Losses/Avg Loans & Leases","0.47","0.76","0.74","1.17","2.04 ","Net Ln&Ls Losses/Avg Loans & Leases","0.46","0.00","0.02","0.12","0.30","0.58","1.51","2.02","93 "
"24","  Earnings Coverage of Net Losses (X)","18.54","7.83","8.80","3.51","2.53 ","Earnings Coverage of Net Losses (X)","18.54","-2.93","1.49","3.08","6.63","17.90","70.47","144.84","93 "
"25","  Ln&Ls Allowance/Total Loans & Leases","1.48","1.67","1.61","2.11","2.63 ","Ln&Ls Allowance/Total Loans & Leases","1.48","0.33","0.57","1.01","1.46","1.84","2.32","2.89","93 "
"26","  Nonaccr Lns&Ls+RE Acq/Lns&Ls+RE Acq","1.63","2.17","1.95","2.74","3.75 ","Nonaccr Lns&Ls+RE Acq/Lns&Ls+RE Acq","1.62","0.21","0.40","0.88","1.35","2.20","3.44","4.58","93 "
"27","  30-89 Days Past Due Loans and Leases","0.68","0.86","0.87","0.96","1.20 ","30-89 Days Past Due Loans and Leases","0.67","0.06","0.16","0.33","0.57","0.90","1.50","1.96","93 "
"28","LIQUIDITY AND FUNDING: ",NA,NA,NA,NA,NA," LIQUIDITY AND FUNDING: ","","",NA,NA,NA,NA,NA,NA,NA
"29","  Net Noncore Funding Dependence","17.78","19.68","19.34","20.15","25.33 ","Net Noncore Funding Dependence","17.78","-9.98","-1.53","5.91","16.23","25.79","43.11","61.25","93 "
"30","  Net ST Noncore Funding Dependence","3.00","3.08","3.44","4.17","6.24 ","Net ST Noncore Funding Dependence","3.00","-50.67","-20.28","-3.49","4.55","11.19","18.74","25.74","93 "
"31","  Net Loans and Leases/Total Assets","59.09","57.47","57.96","57.64","57.51 ","Net Loans and Leases/Total Assets","59.08","16.38","32.57","47.19","63.42","69.98","74.77","81.57","93 "
"32","CAPITALIZATION: ",NA,NA,NA,NA,NA," CAPITALIZATION: ","","",NA,NA,NA,NA,NA,NA,NA
"33","  Tier 1 Leverage Ratio","9.67","9.55","9.37","9.26","9.03 ","Tier 1 Leverage Ratio","9.66","5.58","7.12","8.28","9.65","10.85","12.28","13.11","78 "
"34","  Equity Capital/Total Assets","11.54","11.30","11.30","10.91","10.66 ","Equity Capital/Total Assets","11.53","7.15","8.24","9.74","11.22","13.14","15.53","16.70","93 "
"35","  Equity Capital+Minority Int/Total Assets","11.81","11.60","11.59","11.12","10.80 ","Equity Capital+Minority Int/Total Assets","11.80","7.58","8.45","9.93","11.46","13.20","16.05","17.65","93 "
"36","  Tier 1 Common Eq Cap / T RWA","11.90","11.68","11.43","11.32","10.46 ","Tier 1 Common Eq Cap / T RWA","11.89","7.43","8.76","10.20","11.59","13.49","15.44","16.83","78 "
"37","  Net Loans&Ls/Equity Capital (X)","5.22","5.10","5.20","5.26","5.41 ","Net Loans&Ls/Equity Capital (X)","5.21","1.58","2.67","4.10","5.19","6.15","7.94","8.54","93 "
"38","  Cash Dividends/Net Income","25.36","23.38","25.15","24.90","35.74 ","Cash Dividends/Net Income","25.36","0.00","0.00","4.04","23.83","38.94","65.36","83.12","90 "
"39","  Cash Dividends/Net Income (Sub S Adjusted)","N/A","-28.63","-19.73","N/A","N/A ","Cash Dividends/Net Income (Sub S Adjusted)","N/AN/A","","N/A","N/A","N/A","N/A","N/A","N/A","0 "
"40","  Retained Earnings/Avg Equity Cap","6.04","5.55","5.49","4.71","3.00 ","Retained Earnings/Avg Equity Cap","6.03","-1.08","0.77","3.50","5.83","8.44","10.99","12.04","93 "
"41","PARENT COMPANY RATIOS: ",NA,NA,NA,NA,NA," PARENT COMPANY RATIOS: ","","",NA,NA,NA,NA,NA,NA,NA
"42","  Short-Term Debt/Equity Capital","2.80","3.04","2.47","3.85","2.78 ","Short-Term Debt/Equity Capital","2.79","0.00","0.00","0.00","0.00","4.54","10.45","40.43","93 "
"43","  Long-Term Debt/Equity Capital","12.29","13.53","13.81","14.07","16.28 ","Long-Term Debt/Equity Capital","12.28","0.00","0.00","0.00","8.31","20.66","41.91","67.40","93 "
"44","  Equity Investment in Subs/Equity Cap","104.76","106.97","106.52","107.31","108.44 ","Equity Investment in Subs/Equity Cap","104.76","86.37","91.32","98.02","102.52","111.25","122.22","126.62","93 "
"45","  Cash FR Oper+Noncash+Op Exp/Op Exp+Div","188.63","152.21","160.13","126.35","115.83 ","Cash FR Oper+Noncash+Op Exp/Op Exp+Div","188.63","7.59","23.39","86.37","123.60","235.20","501.32","874.05","93 "
"210","Interest Income (TE)","3.39","3.64","3.59","3.90","4.07 "," Interest Income (TE)","3.38","1.48","1.97","3.00","3.39","3.82","4.60","5.24","93 "
"3","Less: Interest Expense","0.53","0.67","0.65","0.79","0.96 "," Less: Interest Expense","0.53","0.12","0.20","0.28","0.41","0.75","1.11","1.48","93 "
"49","Equals: Net Interest Income (TE)","2.81","2.91","2.90","3.04","3.04 "," Equals: Net Interest Income (TE)","2.80","0.98","1.26","2.38","3.00","3.24","3.89","4.67","93 "
"5","Plus: Non-Interest Income","1.81","1.74","1.88","1.61","1.89 "," Plus: Non-Interest Income","1.81","0.11","0.34","0.93","1.49","2.42","3.59","7.00","93 "
"61","Equals: Adj Operating Income (TE)","4.77","4.74","4.89","4.66","4.92 "," Equals: Adj Operating Income (TE)","4.76","2.37","3.18","3.83","4.43","5.32","7.29","10.92","93 "
"71","Less: Overhead Expense","3.19","3.22","3.34","3.16","3.19 "," Less: Overhead Expense","3.19","1.34","1.59","2.55","2.98","3.56","4.65","8.29","93 "
"81","Less: Provision for Loan and Lease Losses","0.19","0.32","0.33","0.49","1.10 "," Less: Provision for Loan and Lease Losses","0.19","-0.07","-0.01","0.02","0.13","0.27","0.51","1.10","93 "
"91","Plus: Realized G/L on HTM Sec","0.00","0.00","0.00","0.00","0.00 "," Plus: Realized G/L on HTM Sec","-0.00","-0.00","0.00","0.00","0.00","0.00","0.00","0.00","93 "
"101","Plus: Realized G/L on AFS Sec","0.02","0.04","0.04","0.05","0.06 "," Plus: Realized G/L on AFS Sec","0.02","-0.03","-0.00","0.00","0.00","0.04","0.09","0.13","93 "
"111","Plus: Other Tax Equiv Adjustments","0.00","0.00","0.00","0.00","0.00 "," Plus: Other Tax Equiv Adjustments","0.00","-0.00","-0.00","0.00","0.00","0.00","0.00","0.01","93 "
"121","Equals: Pretax Net Oper Inc (TE)","1.41","1.28","1.28","1.12","0.77 "," Equals: Pretax Net Oper Inc (TE)","1.41","0.25","0.59","1.02","1.35","1.81","2.29","2.60","93 "
"141","Less: Applicable Income Taxes (TE)","0.45","0.43","0.42","0.39","0.29 "," Less: Applicable Income Taxes (TE)","0.45","0.00","0.13","0.30","0.44","0.62","0.73","0.86","93 "
"151","Less: Minority Interest","0.00","0.00","0.01","0.01","0.00 "," Less: Minority Interest","0.00","-0.00","-0.00","0.00","0.00","0.00","0.02","0.04","93 "
"161","Equals: Net Operating Income","0.95","0.85","0.88","0.72","0.51 "," Equals: Net Operating Income","0.94","0.18","0.40","0.68","0.89","1.18","1.59","1.64","93 "
"181","Plus: Net Extraordinary Items","0.00","0.00","0.00","0.00","0.00 "," Plus: Net Extraordinary Items","0.00","-0.02","0.00","0.00","0.00","0.00","0.00","0.00","93 "
"191","Equals: Net Income","0.95","0.85","0.87","0.72","0.51 "," Equals: Net Income","0.94","0.16","0.38","0.68","0.90","1.18","1.59","1.64","93 "
"201","Memo: Net Income (Last Four Qtrs)","0.94","0.79","0.86","0.72","0.52 "," Memo: Net Income (Last Four Qtrs)","0.94","0.08","0.37","0.66","0.92","1.20","1.56","1.78","93 "
"211","MARGIN ANALYSIS: ",NA,NA,NA,NA,NA," MARGIN ANALYSIS: ","","","","","","",NA,NA,NA
"221","Avg Earning Assets / Avg Assets","90.23","89.96","89.85","90.30","89.93 "," Avg Earning Assets / Avg Assets","90.23","74.63","84.38","87.79","90.29","92.47","95.93","96.84","93 "
"231","Avg Int-Bearing Funds / Avg Assets","68.27","68.85","68.65","70.86","72.85 "," Avg Int-Bearing Funds / Avg Assets","68.27","54.08","58.41","62.04","66.62","73.55","82.43","82.87","78 "
"241","Int Income (TE) / Avg Earning Assets","3.83","4.13","4.07","4.32","4.54 "," Int Income (TE) / Avg Earning Assets","3.83","1.57","2.62","3.39","3.77","4.31","5.10","6.21","93 "
"251","Int Expense / Avg Earning Assets","0.61","0.75","0.74","0.88","1.07 "," Int Expense / Avg Earning Assets","0.60","0.14","0.24","0.31","0.46","0.85","1.29","1.69","93 "
"261","Net Int Inc (TE) / Avg Earn Assets","3.17","3.31","3.28","3.37","3.39 "," Net Int Inc (TE) / Avg Earn Assets","3.17","1.09","1.51","2.76","3.30","3.61","4.18","5.07","93 "
"281","YIELD OR COST: ",NA,NA,NA,NA,NA," YIELD OR COST: ","","","","","","",NA,NA,NA
"291","Total Loans and Leases (TE)","4.74","5.12","5.06","5.34","5.44 "," Total Loans and Leases (TE)","4.73","2.55","3.57","4.08","4.54","5.35","6.13","7.58","93 "
"301","Interest-Bearing Bank Balances","0.30","0.31","0.31","0.34","0.35 "," Interest-Bearing Bank Balances","0.29","0.04","0.15","0.21","0.25","0.37","0.53","0.84","93 "
"311","Fed Funds Sold & Reverse Repos","0.42","0.37","0.40","0.38","0.45 "," Fed Funds Sold & Reverse Repos","0.42","0.00","0.00","0.04","0.20","0.54","1.49","2.31","68 "
"321","Trading Assets","1.23","1.37","1.25","1.43","1.37 "," Trading Assets","1.23","0.00","0.00","0.00","0.50","2.07","4.26","7.54","71 "
"331","Total Earning Assets","3.78","4.07","4.03","4.26","4.46 "," Total Earning Assets","3.77","1.55","2.55","3.35","3.71","4.26","5.07","6.19","93 "
"351","Investment Securities (TE)","2.41","2.70","2.65","2.99","3.49 "," Investment Securities (TE)","2.40","1.02","1.50","2.01","2.28","2.81","3.49","4.29","92 "
"361","  U.S. Treasury & Agency Sec (excl MBS)","1.31","1.55","1.48","1.74","2.23 ","U.S. Treasury & Agency Sec (excl MBS)","1.31","0.04","0.21","0.73","1.26","1.87","2.33","2.80","86 "
"371","  Mortgage-Backed Securities","2.30","2.73","2.69","3.16","3.82 ","Mortgage-Backed Securities","2.29","1.11","1.40","1.84","2.17","2.76","3.24","4.02","92 "
"381","  All Other Securities","4.14","4.28","4.27","4.73","4.79 ","All Other Securities","4.14","0.51","1.15","2.44","3.64","5.36","8.23","12.35","91 "
"401","Interest-Bearing Deposits","0.43","0.56","0.53","0.67","0.88 "," Interest-Bearing Deposits","0.43","0.08","0.15","0.23","0.36","0.56","0.81","1.25","93 "
"411","  Time Deposits of $100K or More","0.96","1.18","1.12","1.30","1.55 ","Time Deposits of $10,0K or More","0.96","0.21","0.41","0.65","0.93","1.19","1.65","1.85","92 "
"421","  Time Deposits < $100K","0.99","1.26","1.23","1.47","1.76 ","Time Deposits < $10,0K","0.98","0.25","0.45","0.67","0.94","1.21","1.74","1.94","89 "
"431","  Other Domestic Deposits","0.24","0.29","0.28","0.38","0.53 ","Other Domestic Deposits","0.24","0.06","0.09","0.12","0.18","0.30","0.58","0.73","93 "
"441","  Foreign Deposits","0.36","0.55","0.46","0.50","0.48 ","Foreign Deposits","0.36","0.00","0.06","0.11","0.21","0.41","1.02","2.04","45 "
"46","Fed Funds Purchased and Repos","0.77","0.87","0.91","0.86","0.82 "," Fed Funds Purchased and Repos","0.76","0.00","0.06","0.10","0.20","0.99","3.30","3.62","83 "
"47","Other Borrowed Funds & Trading Liab","2.05","2.47","2.36","2.41","2.48 "," Other Borrowed Funds & Trading Liab","2.05","0.18","0.60","1.05","1.70","2.91","4.37","5.46","93 "
"48","All Interest-Bearing Funds","0.70","0.88","0.85","1.11","1.31 "," All Interest-Bearing Funds","0.69","0.22","0.33","0.41","0.60","0.84","1.30","1.74","78 "
"212","Avg Personnel Exp Per Employee ($000)","73","73","97","90","89 "," Avg Personnel Exp Per Employee ($00,0)","73.14","43.78","51.74","59.93","66.52","84.25","109.13","119.58","93 "
"310","Avg Assets per Employee ($000)","7,234","7,203","7,080","6,503","6,303 "," Avg Assets per Employee ($00,0)","723","4.31  270","9.01  369","0.16  468","4.10  611,9.24  941,5.74  1320,4.0  1771,8.8",NA,NA,NA,"93 "
"410","ANALYSIS RATIOS ",NA,NA,NA,NA,NA," ANALYSIS RATIOS ","","","","","",NA,NA,NA,NA
"62","Mutual Fund Fee Inc / Non-Int Income","3.01","3.01","2.84","3.12","2.86 "," Mutual Fund Fee Inc / Non-Int Income","3.00","0.00","0.00","0.32","2.46","5.00","8.82","12.74","91 "
"82","Overhead Exp / NII + Non-Int Income","67.25","68.53","69.11","68.44","65.92 "," Overhead Exp / NII + Non-Int Income","67.24","46.26","50.32","60.47","67.10","74.09","84.72","88.81","93 "
"102","PERCENT OF AVERAGE ASSETS: ",NA,NA,NA,NA,NA," PERCENT OF AVERAGE ASSETS: ","","","","","",NA,NA,NA,NA
"112","  Total Overhead Expense","3.19","3.22","3.34","3.16","3.19 ","Total Overhead Expense","3.19","1.34","1.59","2.55","2.98","3.56","4.65","8.29","93 "
"122","Personnel Expense","1.49","1.48","1.49","1.51","1.53 ","Personnel Expense","1.49","0.67","0.76","1.08","1.53","1.81","2.33","2.49","93 "
"131","Net Occupancy Expense","0.34","0.34","0.34","0.36","0.38 ","Net Occupancy Expense","0.33","0.09","0.16","0.23","0.32","0.41","0.50","0.61","93 "
"142","Other Operating Expenses","1.36","1.40","1.50","1.23","1.24 ","Other Operating Expenses","1.35","0.40","0.59","0.80","1.00","1.48","2.92","6.30","93 "
"162","  Overhead Less Non-Interest Income","1.28","1.38","1.37","1.49","1.28 ","Overhead Less Non-Interest Income","1.27","-0.52","-0.00","0.79","1.35","1.80","2.30","2.46","93 "
"182","PERCENT OF ADJUSTED OPERATING INCOME (TE): ",NA,NA,NA,NA,NA," PERCENT OF ADJUSTED OPERATING INCOME (TE): ","","","","","",NA,NA,NA,NA
"192","  Total Overhead Expense","66.54","67.88","68.50","67.64","65.03 ","Total Overhead Expense","66.54","46.15","50.29","59.69","66.75","73.34","83.89","87.92","93 "
"202","Personnel Expense","31.78","31.71","31.26","32.51","31.04 ","Personnel Expense","31.78","15.87","19.00","25.30","33.46","37.72","40.42","43.58","93 "
"213","Net Occupancy Expense","7.40","7.49","7.36","7.92","7.84 ","Net Occupancy Expense","7.39","1.52","2.65","5.74","7.42","9.05","11.29","12.33","93 "
"222","Other Operating Expenses","26.55","28.46","29.46","26.22","25.37 ","Other Operating Expenses","26.55","14.18","16.50","19.36","22.90","29.87","44.48","64.55","93 "
"242","  Total Non-Interest Income","36.38","35.35","36.31","33.59","36.35 ","Total Non-Interest Income","36.37","5.97","8.77","23.06","31.66","47.45","76.71","80.40","93 "
"252","Fiduciary Activities Income","2.41","2.23","2.18","2.81","3.28 ","Fiduciary Activities Income","2.40","0.00","0.00","0.00","1.23","3.77","8.24","17.21","93 "
"262","Serv Charges on Deposit Accts - Domestic","4.68","4.62","4.61","5.74","6.22 ","Serv Charges on Deposit Accts - Domestic","4.68","0.00","0.04","1.53","4.77","7.46","8.66","11.45","93 "
"271","Trading Revenue","1.04","1.38","1.35","1.58","1.80 ","Trading Revenue","1.04","-2.05","-0.00","0.00","0.25","1.47","4.60","6.87","93 "
"282","Investment Banking Fees & Commissions","2.65","3.09","2.81","2.86","3.07 ","Investment Banking Fees & Commissions","2.65","0.00","0.00","0.49","1.75","2.98","8.82","16.97","93 "
"292","Venture Capital Revenue","0.05","0.13","0.11","0.12","0.12 ","Venture Capital Revenue","0.05","-0.01","0.00","0.00","0.00","0.00","0.35","0.86","93 "
"302","Net Servicing Fees","1.02","0.61","0.63","0.65","0.92 ","Net Servicing Fees","1.01","0.00","0.00","0.03","0.34","1.86","3.49","4.85","93 "
"312","Net Securitization Income","0.01","0.01","0.01","0.01","0.00 ","Net Securitization Income","0.00","0.00","0.00","0.00","0.00","0.00","0.00","0.18","93 "
"322","Insurance Activities Revenue","1.14","1.14","1.11","1.03","1.00 ","Insurance Activities Revenue","1.13","0.00","0.00","0.03","0.29","1.30","4.45","15.31","93 "
"332","Net Gain (Loss) - Sales Loans, OREO, Oth","2.44","1.92","2.05","0.42","0.49 ","Net Gain (Loss) - Sales Loans, OREO, Oth","2.43","-1.02","-0.24","0.15","1.52","3.62","7.50","12.31","93 "
"341","Other Non-Interest Income","11.50","11.55","12.07","12.04","12.94 ","Other Non-Interest Income","11.50","1.29","2.84","5.66","9.36","14.91","25.17","44.69","93 "
"362","  Overhead Less Non-Interest Income","29.70","32.21","31.82","33.69","28.72 ","Overhead Less Non-Interest Income","29.70","-5.32","0.09","16.37","32.99","42.50","50.58","57.34","93 "
"372","TAX RATIOS: ",NA,NA,NA,NA,NA," TAX RATIOS: ","","","","","",NA,NA,NA,NA
"382","  Appl Inc Taxes/Pretax NOI (TE)","29.03","28.18","27.20","27.79","21.65 ","Appl Inc Taxes/Pretax NOI (TE)","29.02","1.55","12.80","24.24","29.98","35.00","37.87","39.96","90 "
"391","  Appl Inc Tax+TE/Pretax NOI+TE","32.46","32.05","30.97","32.84","29.75 ","Appl Inc Tax+TE/Pretax NOI+TE","32.45","6.74","19.53","29.30","34.06","36.68","39.44","40.10","90 "
"214","Real Estate Loans","32.72","32.50","32.00","32.56","34.18 "," Real Estate Loans","32.72","0.63","5.97","19.40","33.38","46.20","55.90","63.75","93 "
"313","Commercial and Industrial Loans","12.22","11.31","11.65","11.71","11.77 "," Commercial and Industrial Loans","12.21","0.00","0.23","5.77","11.24","18.69","24.03","31.22","93 "
"412","Loans to Individuals","5.10","4.97","4.94","6.00","5.68 "," Loans to Individuals","5.09","0.03","0.05","0.45","2.48","8.41","12.95","32.37","93 "
"55","Loans to Depository Institutions","0.11","0.09","0.10","0.14","0.07 "," Loans to Depository Institutions","0.10","0.00","0.00","0.00","0.00","0.04","0.86","1.35","93 "
"63","Agricultural Loans","0.13","0.13","0.12","0.15","0.17 "," Agricultural Loans","0.13","0.00","0.00","0.00","0.03","0.19","0.56","0.88","93 "
"72","Other Loans and Leases","4.09","3.93","4.15","3.48","3.40 "," Other Loans and Leases","4.08","0.00","0.12","1.19","3.43","6.26","9.50","12.90","93 "
"83","Net Loans and Leases","59.09","57.47","57.96","57.64","57.51 ","Net Loans and Leases","59.08","16.38","32.57","47.19","63.42","69.98","74.77","81.57","93 "
"92","Debt Securities Over 1 Year","15.50","16.30","15.91","16.67","16.23 "," Debt Securities Over 1 Year","15.50","0.45","2.94","9.25","14.23","19.54","31.55","40.02","93 "
"103","Mutual Funds and Equity Securities","0.12","0.12","0.12","0.12","0.18 "," Mutual Funds and Equity Securities","0.12","0.00","0.00","0.00","0.04","0.19","0.43","0.86","93 "
"113","Subtotal","75.58","74.77","74.96","75.85","75.08 ","Subtotal","75.57","40.40","45.66","69.31","80.57","84.92","88.78","91.83","93 "
"123","Interest-Bearing Bank Balances","4.70","4.46","4.19","3.96","4.00 "," Interest-Bearing Bank Balances","4.69","0.28","0.47","1.17","2.74","7.63","14.66","17.97","93 "
"132","Federal Funds Sold & Reverse Repos","0.96","0.97","1.13","1.30","1.27 "," Federal Funds Sold & Reverse Repos","0.95","0.00","0.00","0.00","0.02","0.60","5.01","11.79","93 "
"143","Debt Securities 1 Year or Less","2.79","3.28","3.05","3.07","3.03 "," Debt Securities 1 Year or Less","2.79","0.00","0.08","0.39","1.73","4.90","7.86","12.53","93 "
"152","Trading Assets","0.81","0.96","0.98","1.38","1.43 "," Trading Assets","0.80","0.00","0.00","0.00","0.18","0.58","3.76","8.59","93 "
"163","Total Earning Assets","88.18","87.97","87.84","88.19","87.62 ","Total Earning Assets","88.18","66.89","81.50","86.05","88.47","91.28","93.71","95.10","93 "
"17","Non-Int Cash and Due From Dep Inst","1.46","1.31","1.53","1.52","1.33 "," Non-Int Cash and Due From Dep Inst","1.46","0.29","0.39","0.88","1.48","1.96","2.60","3.07","93 "
"183","Other Real Estate Owned","0.20","0.26","0.22","0.32","0.37 "," Other Real Estate Owned","0.19","0.00","0.00","0.03","0.11","0.28","0.58","0.97","93 "
"193","All Other Assets","10.25","10.58","10.46","10.18","10.96 "," All Other Assets","10.24","3.32","4.48","6.84","9.95","11.84","16.97","29.34","93 "
"215","MEMORANDA: ",NA,NA,NA,NA,NA," MEMORANDA: ","","","","","","",NA,NA,NA
"223","  Short-Term Investments","9.53","9.83","9.34","10.02","10.19 ","Short-Term Investments","9.52","0.79","1.37","2.95","6.53","14.60","23.11","37.88","93 "
"232","  U.S. Treasury Securities","0.48","0.50","0.56","0.66","0.85 ","U.S. Treasury Securities","0.48","0.00","0.00","0.00","0.03","0.74","2.16","3.43","93 "
"243","  U.S. Agency Securities (excl MBS)","1.33","1.32","1.38","1.81","1.99 ","U.S. Agency Securities (excl MBS)","1.33","0.00","0.00","0.00","0.40","2.24","5.56","8.52","93 "
"253","  Municipal Securities","1.18","1.19","1.13","1.39","1.36 ","Municipal Securities","1.17","0.00","0.00","0.04","0.69","2.07","3.50","5.96","93 "
"263","  Mortgage-Backed Securities","11.66","12.70","11.90","12.85","11.86 ","Mortgage-Backed Securities","11.65","0.18","1.77","4.83","10.40","16.95","23.26","33.98","93 "
"272","  Asset-Backed Securities","0.66","0.61","0.65","0.56","0.51 ","Asset-Backed Securities","0.65","0.00","0.00","0.00","0.03","1.25","2.59","4.68","93 "
"283","  Other Debt Securities","0.99","1.07","1.01","1.09","1.13 ","Other Debt Securities","0.98","0.00","0.00","0.00","0.18","1.54","4.33","7.61","93 "
"293","  RE Loans Secured by 1-4 Family","15.75","16.31","16.03","14.92","14.72 ","RE Loans Secured by 1-4 Family","15.75","0.02","1.03","7.11","15.41","21.13","32.77","42.97","93 "
"303","Revolving","3.20","3.45","3.38","3.76","4.05 ","Revolving","3.20","0.00","0.05","0.74","2.31","5.35","7.83","9.77","93 "
"314","Closed-End, Sec by First Liens","11.52","11.77","11.59","9.88","9.36 ","Closed-End, Sec by First Liens","11.51","0.00","1.00","4.72","10.48","15.57","22.94","41.86","93 "
"323","Closed-End, Sec by Junior Liens","0.53","0.59","0.56","0.80","1.02 ","Closed-End, Sec by Junior Liens","0.53","0.00","0.00","0.06","0.43","0.88","1.45","2.21","93 "
"333","  Commercial Real Estate Loans","14.79","13.85","13.71","15.96","17.76 ","Commercial Real Estate Loans","14.79","0.00","0.22","4.13","14.00","23.18","32.96","38.03","93 "
"342","Construction and Land Dev","1.68","1.73","1.62","2.35","3.38 ","Construction and Land Dev","1.68","0.00","0.03","0.32","1.28","2.55","4.56","5.39","93 "
"352","Multifamily","1.91","1.73","1.65","1.61","1.60 ","Multifamily","1.90","0.00","0.01","0.39","1.01","2.75","5.73","8.82","93 "
"363","Nonfarm Nonresidential","10.58","10.17","10.10","11.22","11.98 ","Nonfarm Nonresidential","10.58","0.00","0.07","3.41","9.90","15.69","23.10","25.79","93 "
"373","  RE Loans Secured by Farmland","0.24","0.23","0.22","0.28","0.32 ","RE Loans Secured by Farmland","0.24","0.00","0.00","0.00","0.05","0.29","1.39","1.77","93 "
"383","LOAN MIX, % OF GROSS LOANS & LEASES: ",NA,NA,NA,NA,NA," LOAN MIX, % OF GROSS LOANS & LEASES: ","","","","","","",NA,NA,NA
"392","  Real Estate Loans","55.76","56.00","55.30","55.27","57.39 ","Real Estate Loans","55.75","1.17","16.31","40.23","56.33","73.08","86.57","96.00","93 "
"402","RE Loans Secured by 1-4 Family","26.81","28.38","27.79","25.96","25.51 ","RE Loans Secured by 1-4 Family","26.80","0.04","2.45","13.24","25.90","36.15","53.63","67.59","93 "
"413","Revolving","5.52","6.08","5.91","6.49","6.91 ","Revolving","5.52","0.00","0.19","1.19","4.24","9.33","12.65","15.32","93 "
"422","Closed-End","20.77","21.76","21.35","18.76","17.92 ","Closed-End","20.76","0.04","1.74","9.29","18.25","28.03","48.07","63.39","93 "
"432","Commercial Real Estate Loans","24.61","23.24","23.24","26.20","28.90 ","Commercial Real Estate Loans","24.61","0.03","0.70","10.65","23.37","36.28","50.57","59.55","93 "
"442","Construction and Land Dev","2.79","2.93","2.75","3.92","5.54 ","Construction and Land Dev","2.79","0.00","0.07","0.63","2.03","4.02","7.29","9.25","93 "
"451","Multifamily","3.30","3.01","2.89","2.73","2.64 ","Multifamily","3.30","0.00","0.01","0.82","1.78","5.02","9.52","13.68","93 "
"461","Nonfarm Nonresidential","17.59","17.06","17.10","18.27","19.36 ","Nonfarm Nonresidential","17.58","0.00","0.23","7.00","16.92","26.37","34.64","39.67","93 "
"471","RE Loans Secured by Farmland","0.42","0.41","0.39","0.50","0.55 ","RE Loans Secured by Farmland","0.41","0.00","0.00","0.00","0.07","0.38","2.35","3.47","93 "
"481","  Loans to Depository Institutions","0.23","0.17","0.20","0.33","0.17 ","Loans to Depository Institutions","0.22","0.00","0.00","0.00","0.00","0.10","1.56","3.13","93 "
"491","  Commercial and Industrial Loans","20.40","19.62","19.66","20.23","19.83 ","Commercial and Industrial Loans","20.39","0.02","0.46","9.63","20.71","28.68","40.98","48.82","93 "
"50","  Loans to Individuals","8.80","8.58","8.70","10.25","9.83 ","Loans to Individuals","8.80","0.05","0.13","1.27","4.51","14.08","23.86","52.10","93 "
"51","Credit Card Loans","2.37","2.41","2.44","3.15","2.54 ","Credit Card Loans","2.37","0.00","0.00","0.00","0.10","1.39","9.48","37.87","93 "
"52","  Agricultural Loans","0.23","0.24","0.23","0.26","0.28 ","Agricultural Loans","0.22","0.00","0.00","0.00","0.05","0.29","1.03","1.55","93 "
"53","  Loans to Foreign Govts and Inst","0.01","0.00","0.00","0.01","0.01 ","Loans to Foreign Govts and Inst","0.01","0.00","0.00","0.00","0.00","0.00","0.07","0.17","93 "
"54","  Other Loans and Leases","8.13","8.32","8.87","7.17","6.79 ","Other Loans and Leases","8.13","0.00","0.18","2.14","6.06","11.20","21.90","40.84","93 "
"216","Short-Term Investments","9.53","9.83","9.34","10.02","10.19 "," Short-Term Investments","9.52","0.79","1.37","2.95","6.53","14.60","23.11","37.88","93 "
"315","Liquid Assets","24.32","25.28","24.99","26.81","25.95 "," Liquid Assets","24.32","6.62","11.68","15.04","20.55","30.01","46.60","52.82","93 "
"414","Investment Securities","19.17","20.77","20.18","20.93","20.42 "," Investment Securities","19.17","1.70","4.20","12.09","16.00","24.81","40.33","48.65","93 "
"56","Net Loans and Leases","59.09","57.47","57.96","57.64","57.51 "," Net Loans and Leases","59.08","16.38","32.57","47.19","63.42","69.98","74.77","81.57","93 "
"64","Net Lns, Ls & Stdby Ltrs of Credit","61.16","59.57","59.99","60.14","60.00 "," Net Lns, Ls & Stdby Ltrs of Credit","61.15","17.08","34.50","48.94","65.45","72.52","78.68","81.87","93 "
"73","Core Deposits","57.26","55.17","55.65","55.91","53.59 "," Core Deposits","57.26","6.33","21.87","43.07","61.60","71.73","75.88","77.69","93 "
"84","Noncore Funding","23.76","25.03","24.83","26.62","29.02 "," Noncore Funding","23.76","5.87","8.35","12.45","19.49","34.06","51.90","57.68","93 "
"93","Time Deposits of $100K or More","5.55","6.09","5.83","6.23","6.69 "," Time Deposits of $10,0K or More","5.55","0.01","0.49","1.93","4.94","8.01","13.37","17.79","93 "
"104","Foreign Deposits","1.00","1.06","1.00","1.65","1.96 "," Foreign Deposits","0.99","0.00","0.00","0.00","0.00","0.88","4.75","9.71","93 "
"114","Fed Funds Purchased and Repos","2.58","2.81","2.65","3.73","4.09 "," Fed Funds Purchased and Repos","2.57","0.00","0.00","0.35","1.50","4.60","8.22","10.03","93 "
"124","Net Fed Funds Purchased (Sold)","1.58","1.76","1.51","2.28","2.58 "," Net Fed Funds Purchased (Sold)","1.57","-6.44","-0.84","0.00","0.79","2.79","6.92","8.41","93 "
"133","Commercial Paper","0.15","0.15","0.14","0.11","0.12 "," Commercial Paper","0.14","0.00","0.00","0.00","0.00","0.00","0.85","2.75","93 "
"153","Oth Borrowings W/Rem Mat 1 Yr or Less","2.45","2.40","2.54","2.68","2.53 "," Oth Borrowings W/Rem Mat 1 Yr or Less","2.44","0.00","0.00","0.17","1.39","4.32","7.79","11.04","93 "
"164","Earning Assets Repr in 1 Year","39.55","40.19","39.70","41.57","42.48 "," Earning Assets Repr in 1 Year","39.54","12.00","14.94","27.35","41.51","48.58","60.65","70.89","93 "
"171","Int-Bearing Liab Repr in 1 Year","11.40","12.79","12.42","13.13","14.97 "," Int-Bearing Liab Repr in 1 Year","11.40","0.21","2.40","5.78","8.73","13.49","27.27","45.86","93 "
"184","Long-Term Debt Repr in 1 Year","1.12","1.33","1.31","1.62","2.03 "," Long-Term Debt Repr in 1 Year","1.11","0.00","0.00","0.00","0.01","1.58","4.91","8.38","93 "
"194","Net Assets Repriceable in 1 Year","24.97","23.94","23.75","25.09","23.91 "," Net Assets Repriceable in 1 Year","24.96","-5.42","-0.01","11.24","26.29","36.63","45.66","52.92","93 "
"217","OTHER LIQUIDITY AND FUNDING RATIOS: ",NA,NA,NA,NA,NA," OTHER LIQUIDITY AND FUNDING RATIOS: ","","","",NA,NA,NA,NA,NA,NA
"224","Net Noncore Funding Dependence","17.78","19.68","19.34","20.15","25.33 "," Net Noncore Funding Dependence","17.78","-9.98","-1.53","5.91","16.23","25.79","43.11","61.25","93 "
"233","Net ST Noncore Funding Dependence","3.00","3.08","3.44","4.17","6.24 "," Net ST Noncore Funding Dependence","3.00","-50.67","-20.28","-3.49","4.55","11.19","18.74","25.74","93 "
"244","Short-Term Inv/ST Noncore Funding","98.98","91.95","91.22","75.15","65.99 "," Short-Term Inv/ST Noncore Funding","98.98","4.73","8.46","27.88","62.89","117.58","303.55","532.55","93 "
"254","Liq Asts-ST Noncore Fndg/Nonliq Asts","17.28","18.63","18.50","20.31","15.49 "," Liq Asts-ST Noncore Fndg/Nonliq Asts","17.28","-8.36","-6.70","1.80","12.86","24.07","55.94","77.92","93 "
"264","Net Loans and Leases/Total Deposits","92.43","92.31","93.70","87.55","88.15 "," Net Loans and Leases/Total Deposits","92.43","42.79","49.79","71.50","87.66","99.67","129.61","242.42","93 "
"273","Net Loans and Leases/Core Deposits","119.13","127.50","125.79","116.55","120.14 "," Net Loans and Leases/Core Deposits","119.12","53.46","63.07","83.42","98.84","119.78","240.18","406.40","93 "
"284","Held-To-Mat Sec Appr(Depr)/T1 Cap","-0.54","1.53","1.39","0.94","0.28 "," Held-To-Mat Sec Appr(Depr)/T1 Cap","-0.53","-4.82","-3.55","-1.05","-0.04","0.03","0.60","1.18","53 "
"294","Avail-For-Sale Sec Appr(Depr)/T1 Cap","0.27","5.00","4.41","3.77","2.05 "," Avail-For-Sale Sec Appr(Depr)/T1 Cap","0.26","-3.18","-2.48","-1.18","0.22","1.09","3.42","4.76","78 "
"304","Struct Notes Appr(Depr)/T1 Cap","-0.17","-0.02","-0.02","-0.17","-0.03 "," Struct Notes Appr(Depr)/T1 Cap","-0.17","-2.18","-1.66","-0.21","-0.01","0.00","0.03","0.07","20 "
"324","PERCENT OF INVESTMENT SECURITIES: ",NA,NA,NA,NA,NA," PERCENT OF INVESTMENT SECURITIES: ","","","",NA,NA,NA,NA,NA,NA
"334","Held-To-Maturity Securities","13.20","10.32","10.63","6.59","5.23 "," Held-To-Maturity Securities","13.20","0.00","0.00","0.00","2.03","27.72","47.89","65.91","92 "
"343","Available-For-Sale Securities","86.80","89.68","89.37","93.41","94.77 "," Available-For-Sale Securities","86.79","26.90","50.23","70.44","97.48","100.00","100.00","100.00","92 "
"353","U.S. Treasury Securities","3.38","3.24","3.82","3.64","4.71 "," U.S. Treasury Securities","3.38","0.00","0.00","0.00","0.31","4.84","16.79","27.05","92 "
"364","U.S. Agency Securities (excl MBS)","7.00","7.44","7.26","9.19","11.25 "," U.S. Agency Securities (excl MBS)","7.00","0.00","0.00","0.05","2.24","12.57","30.09","37.87","92 "
"374","Municipal Securities","6.35","5.82","5.98","6.79","6.92 "," Municipal Securities","6.34","0.00","0.00","0.50","4.97","12.06","18.29","23.02","92 "
"384","Mortgage-Backed Securities","64.55","63.85","63.14","61.59","57.24 "," Mortgage-Backed Securities","64.54","8.54","19.56","42.26","70.68","85.32","95.81","98.68","92 "
"393","Asset-Backed Securities","3.60","3.46","3.57","3.53","3.48 "," Asset-Backed Securities","3.59","0.00","0.00","0.00","0.43","6.61","13.60","22.02","92 "
"403","Other Debt Securities","5.02","5.62","5.16","6.86","6.80 "," Other Debt Securities","5.02","0.00","0.00","0.01","1.60","8.10","20.59","35.84","92 "
"415","Mutual Funds and Equity Securities","0.81","0.86","0.91","1.07","1.15 "," Mutual Funds and Equity Securities","0.80","0.00","0.00","0.04","0.39","1.33","2.44","6.05","92 "
"433","Debt Securities 1 Year or Less","16.04","17.10","17.02","16.71","17.10 "," Debt Securities 1 Year or Less","16.03","0.09","0.51","3.08","10.99","28.17","39.60","56.91","92 "
"443","Debt Securities 1 To 5 Years","21.33","24.14","20.75","24.10","27.34 "," Debt Securities 1 To 5 Years","21.32","0.25","0.71","3.88","14.24","38.08","50.83","71.47","92 "
"452","Debt Securities Over 5 Years","58.35","54.77","57.92","54.74","50.65 "," Debt Securities Over 5 Years","58.35","8.49","15.80","33.64","60.37","80.12","94.87","97.15","92 "
"462","Pledged Securities","41.45","39.96","40.49","47.10","50.95 "," Pledged Securities","41.44","0.34","3.50","19.78","41.54","61.95","72.76","77.54","92 "
"472","Structured Notes, Fair Value","0.15","0.14","0.12","0.39","0.47 "," Structured Notes, Fair Value","0.15","0.00","0.00","0.00","0.00","0.00","0.79","2.53","92 "
"218","Provision for Ln&Ls Losses/Avg Assets","0.19","0.32","0.33","0.49","1.10 "," Provision for Ln&Ls Losses/Avg Assets","0.19","-0.07","-0.01","0.02","0.13","0.27","0.51","1.10","93 "
"316","Provision for Ln&Ls Losses/Avg Lns&Ls","0.33","0.55","0.55","0.80","1.80 "," Provision for Ln&Ls Losses/Avg Lns&Ls","0.32","-0.15","-0.02","0.05","0.22","0.44","1.03","1.62","93 "
"416","Provision for Ln&Ls Losses/Net Losses","74.43","73.27","76.76","70.36","100.32 "," Provision for Ln&Ls Losses/Net Losses","74.43  -12","8.90","-6.74","38.43","64.44","98.65","200.29","244.60","93 "
"65","Ln&Ls Allowance/Total Loans & Leases","1.48","1.67","1.61","2.11","2.63 "," Ln&Ls Allowance/Total Loans & Leases","1.48","0.33","0.57","1.01","1.46","1.84","2.32","2.89","93 "
"74","Ln&Ls Allowance/Net Ln&Ls Losses (X)","6.69","3.35","3.51","2.24","1.70 "," Ln&Ls Allowance/Net Ln&Ls Losses (X)","6.68","1.05","1.43","2.37","3.99","7.54","21.89","36.14","90 "
"85","ALLL/Nonaccrual Assets","138.00","118.75","122.96","115.70","99.32 "," ALLL/Nonaccrual Assets","137.99","38.84","46.58","77.63","117.98","179.60","255.87","361.02","91 "
"94","Ln&Ls Allow/90+ Days PD+Nonaccr Ln&Ls","109.11","93.10","97.97","87.52","78.33 "," Ln&Ls Allow/90+ Days PD+Nonaccr Ln&Ls","109.11","28.84","38.87","56.55","85.86","138.67","239.44","318.07","93 "
"115","Gross Ln&Ls Losses/Avg Loans & Leases","0.65","0.96","0.94","1.40","2.26 "," Gross Ln&Ls Losses/Avg Loans & Leases","0.65","0.02","0.08","0.24","0.48","0.78","1.95","2.80","93 "
"125","Recoveries/Avg Loans and Leases","0.17","0.19","0.19","0.23","0.20 "," Recoveries/Avg Loans and Leases","0.17","0.00","0.02","0.06","0.15","0.24","0.38","0.53","93 "
"134","Net Losses/Avg Loans and Leases","0.47","0.76","0.74","1.17","2.04 "," Net Losses/Avg Loans and Leases","0.46","0.00","0.02","0.12","0.30","0.58","1.51","2.02","93 "
"144","Write-downs, Trans Lns HFS/Avg Lns&Ls","0.01","0.01","0.01","0.02","0.06 "," Write-downs, Trans Lns HFS/Avg Lns&Ls","0.00","0.00","0.00","0.00","0.00","0.00","0.04","0.14","93 "
"154","Recoveries/Prior Year-End Losses","16.30","13.17","18.24","12.27","9.74 "," Recoveries/Prior Year-End Losses","16.30","4.20","5.92","10.25","15.76","21.24","28.74","35.14","92 "
"165","Earnings Coverage of Net Losses (X)","18.54","7.83","8.80","3.51","2.53 "," Earnings Coverage of Net Losses (X)","18.54","-2.93","1.49","3.08","6.63","17.90","70.47","144.84","93 "
"185","NET LOAN AND LEASE LOSSES BY TYPE ",NA,NA,NA,NA,NA," NET LOAN AND LEASE LOSSES BY TYPE ","","","","","",NA,NA,NA,NA
"203","Real Estate Loans","0.38","0.75","0.69","1.20","2.17 "," Real Estate Loans","0.38","-0.01","0.00","0.05","0.22","0.62","0.92","2.06","91 "
"219","  RE Loans Secured By 1-4 Family","0.51","0.85","0.81","0.96","1.43 ","RE Loans Secured By 1-4 Family","0.51","0.00","0.01","0.08","0.27","0.73","1.57","2.84","89 "
"225","Revolving","0.59","1.03","1.02","1.12","1.31 ","Revolving","0.58","-0.00","0.00","0.07","0.31","1.10","1.57","2.19","88 "
"234","Closed-End","0.46","0.79","0.76","0.93","1.45 ","Closed-End","0.46","-0.00","0.00","0.08","0.23","0.61","1.55","2.96","89 "
"245","  Commercial Real Estate Loans","0.24","0.55","0.50","1.21","2.64 ","Commercial Real Estate Loans","0.23","-0.15","-0.08","0.00","0.11","0.41","0.84","1.22","90 "
"255","Construction and Land Dev","0.54","1.52","1.28","3.38","6.60 ","Construction and Land Dev","0.53","-1.50","-0.67","-0.09","0.04","0.81","2.47","5.89","89 "
"265","Multifamily","0.10","0.30","0.29","0.78","1.20 ","Multifamily","0.10","-0.39","-0.10","0.00","0.00","0.14","0.55","0.78","85 "
"274","Nonfarm Nonresidential","0.20","0.42","0.40","0.74","1.38 ","Nonfarm Nonresidential","0.20","-0.12","-0.04","0.00","0.15","0.32","0.58","1.02","87 "
"285","  RE Loans Secured by Farmland","0.19","0.37","0.37","1.03","0.60 ","RE Loans Secured by Farmland","0.19","-0.25","-0.08","-0.00","0.00","0.09","1.09","3.19","60 "
"305","Commercial and Industrial Loans","0.40","0.52","0.56","0.87","1.57 "," Commercial and Industrial Loans","0.39","-0.12","-0.02","0.05","0.20","0.58","1.16","2.57","89 "
"317","Loans to Depository Institutions","-0.01","0.02","0.05","-0.02","0.05 "," Loans to Depository Institutions","-0.00","-0.15","-0.05","0.00","0.00","0.00","0.00","0.00","42 "
"335","Loans to Individuals","1.30","1.63","1.51","1.96","2.88 "," Loans to Individuals","1.30","0.04","0.18","0.40","1.09","2.00","3.19","3.37","77 "
"344","  Credit Card Loans","2.61","2.83","2.70","3.76","5.94 ","Credit Card Loans","2.61","-0.06","0.00","1.50","2.65","3.74","4.35","4.85","60 "
"365","Agricultural Loans","0.13","0.25","0.20","0.35","0.62 "," Agricultural Loans","0.12","-0.43","-0.09","-0.01","0.00","0.00","0.71","2.12","65 "
"375","Loans to Foreign Governments & Inst","0.00","0.00","0.00","-0.11","-0.13 "," Loans to Foreign Governments & Inst","0.00","0.00","0.00","0.00","0.00","0.00","0.00","0.00","19 "
"385","Other Loans and Leases","0.16","0.16","0.18","0.37","0.72 "," Other Loans and Leases","0.16","-0.10","-0.02","0.00","0.06","0.26","0.59","1.02","89 "
"220","30-89 Days PD Loans and Leases","0.68","0.86","0.87","0.96","1.20 "," 30,-89 Days PD Loans and Leases","0.67","0.06","0.16","0.33","0.57","0.90","1.50","1.96","93 "
"318","90+ Days PD Loans and Leases","0.41","0.57","0.56","0.73","0.78 "," 90+ Days PD Loans and Leases","0.41","0.00","0.00","0.02","0.12","0.76","1.36","2.36","93 "
"417","Nonaccrual Loans and Leases","1.25","1.72","1.52","2.18","3.12 "," Nonaccrual Loans and Leases","1.25","0.14","0.34","0.63","1.06","1.71","2.67","4.04","93 "
"66","90+ Days PD and Nonaccrual Loans and Leases","1.87","2.59","2.28","3.00","4.07 "," 90+ Days PD and Nonaccrual Loans and Leases","1.86","0.28","0.43","0.97","1.46","2.36","4.47","6.73","93 "
"86","30-89 Days PD Restructured","0.05","0.06","0.06","0.08","0.05 "," 30,-89 Days PD Restructured","0.05","0.00","0.00","0.00","0.02","0.07","0.17","0.30","93 "
"95","90+ Days PD Restructured","0.03","0.03","0.03","0.04","0.02 "," 90+ Days PD Restructured","0.03","0.00","0.00","0.00","0.00","0.01","0.18","0.30","93 "
"105","Nonaccrual Restructured","0.40","0.49","0.47","0.55","0.46 "," Nonaccrual Restructured","0.39","0.00","0.03","0.16","0.29","0.61","1.02","1.13","93 "
"126","PERCENT OF LNS&LS + OTHER ASSETS ",NA,NA,NA,NA,NA," PERCENT OF LNS&LS + OTHER ASSETS ","","","","",NA,NA,NA,NA,NA
"135","30+ DAYS PAST DUE AND NONACCRUAL ",NA,NA,NA,NA,NA," 30+ DAYS PAST DUE AND NONACCRUAL ","","","","",NA,NA,NA,NA,NA
"155","30-89 Days Past Due Assets","0.68","0.86","0.88","0.96","1.21 "," 30,-89 Days Past Due Assets","0.67","0.06","0.16","0.33","0.57","0.90","1.51","1.96","93 "
"166","90+ Days Past Due Assets","0.42","0.58","0.57","0.73","0.79 "," 90+ Days Past Due Assets","0.41","0.00","0.00","0.02","0.12","0.77","1.36","2.37","93 "
"172","Nonaccrual Assets","1.28","1.76","1.56","2.20","3.14 "," Nonaccrual Assets","1.28","0.14","0.37","0.71","1.06","1.73","2.67","4.09","93 "
"186","  30+ Days PD & Nonaccrual Assets","2.60","3.55","3.25","4.06","5.38 ","30+ Days PD & Nonaccrual Assets","2.60","0.49","0.93","1.39","1.99","3.57","6.12","9.63","93 "
"204","PERCENT OF TOTAL ASSETS ",NA,NA,NA,NA,NA," PERCENT OF TOTAL ASSETS ","","","","",NA,NA,NA,NA,NA
"226","90+ Days PD and Nonaccrual Assets","1.12","1.52","1.37","1.76","2.40 "," 90+ Days PD and Nonaccrual Assets","1.12","0.05","0.24","0.60","0.93","1.47","2.28","3.72","93 "
"235","90+ PD & Nonaccrual Assets + OREO","1.32","1.78","1.59","2.10","2.79 "," 90+ PD & Nonaccrual Assets + OREO","1.32","0.08","0.25","0.63","1.12","1.87","2.43","4.22","93 "
"256","RESTRUCTURED & NONACCRUAL LNS&LS ",NA,NA,NA,NA,NA," RESTRUCTURED & NONACCRUAL LNS&LS ","","","","",NA,NA,NA,NA,NA
"266","+ REAL ESTATE ACQUIRED AS PERCENT OF: ",NA,NA,NA,NA,NA," + REAL ESTATE ACQUIRED AS PERCENT OF: ","","","","",NA,NA,NA,NA,NA
"286","Total Assets","1.59","1.98","1.80","2.43","2.79 "," Total Assets","1.58","0.08","0.20","0.64","1.48","2.21","3.54","4.87","93 "
"295","Allowance for Loan & Lease Losses","190.66","211.06","201.23","210.83","201.05 "," Allowance for Loan & Lease Losses","190.65","49.80","58.38","110.21","157.16","269.66","383.40","488.25","93 "
"306","Equity Cap + ALLL","13.18","16.70","15.16","20.69","23.64 "," Equity Cap + ALLL","13.18","0.82","2.37","5.01","10.77","18.10","33.24","40.38","93 "
"319","Tier 1 Cap + ALLL","15.37","19.47","17.90","24.43","26.90 "," Tier 1 Cap + ALLL","15.36","1.45","3.43","6.62","13.25","19.69","33.91","44.86","78 "
"325","Loans & Leases + RE Acquired","2.62","3.31","3.02","4.08","4.70 "," Loans & Leases + RE Acquired","2.61","0.34","0.66","1.23","2.20","3.45","5.66","7.39","93 "
"227","Real Estate  - 30-89 Days PD","0.72","0.96","1.01","1.14","1.38 "," Real Estate  - 30,-89 Days PD","0.72","0.04","0.13","0.30","0.59","1.00","1.89","2.18","91 "
"320","- 90+ Days Past Due","0.61","0.82","0.75","0.91","0.95 ","- 90+ Days Past Due","0.60","0.00","0.00","0.00","0.12","0.86","2.05","4.54","91 "
"418","- Nonaccrual","1.96","2.71","2.38","3.76","5.21 ","- Nonaccrual","1.96","0.24","0.41","0.94","1.59","2.76","3.89","6.44","91 "
"57","Coml & Indl  - 30-89 Days PD","0.37","0.47","0.43","0.46","0.64 "," Coml & Indl  - 30,-89 Days PD","0.37","0.00","0.01","0.11","0.25","0.51","1.01","1.57","89 "
"67","- 90+ Days Past Due","0.09","0.14","0.13","0.16","0.24 ","- 90+ Days Past Due","0.08","0.00","0.00","0.00","0.02","0.13","0.37","0.62","89 "
"75","- Nonaccrual","0.82","1.00","0.99","1.12","1.91 ","- Nonaccrual","0.81","0.00","0.08","0.28","0.54","0.99","2.10","4.19","89 "
"87","Individuals  - 30-89 Days PD","1.28","1.33","1.31","1.50","1.89 "," Individuals  - 30,-89 Days PD","1.27","0.00","0.07","0.52","1.00","1.74","2.54","3.72","93 "
"96","- 90+ Days Past Due","0.27","0.32","0.29","0.54","0.62 ","- 90+ Days Past Due","0.27","0.00","0.00","0.00","0.09","0.47","0.99","1.84","93 "
"106","- Nonaccrual","0.25","0.37","0.33","0.30","0.45 ","- Nonaccrual","0.25","0.00","0.00","0.03","0.20","0.39","0.72","1.16","93 "
"116","Dep Inst Lns - 30-89 Days PD","0.00","0.00","0.01","0.02","0.00 "," Dep Inst Lns - 30,-89 Days PD","0.00","0.00","0.00","0.00","0.00","0.00","0.00","0.00","42 "
"127","- 90+ Days Past Due","0.00","0.00","0.00","0.00","0.00 ","- 90+ Days Past Due","0.00","0.00","0.00","0.00","0.00","0.00","0.00","0.00","42 "
"136","- Nonaccrual","0.00","0.00","0.00","0.00","0.00 ","- Nonaccrual","0.00","0.00","0.00","0.00","0.00","0.00","0.00","0.00","42 "
"145","Agricultural - 30-89 Days PD","0.14","0.24","0.25","0.18","0.38 "," Agricultural - 30,-89 Days PD","0.14","0.00","0.00","0.00","0.00","0.20","0.76","0.95","65 "
"156","- 90+ Days Past Due","0.03","0.02","0.02","0.03","0.04 ","- 90+ Days Past Due","0.02","0.00","0.00","0.00","0.00","0.00","0.17","0.44","65 "
"167","- Nonaccrual","1.09","0.92","1.27","1.11","2.38 ","- Nonaccrual","1.08","0.00","0.00","0.00","0.19","1.83","4.66","9.40","65 "
"173","Foreign Govts- 30-89 Days PD","0.00","0.00","0.92","0.00","0.00 "," Foreign Govts- 30,-89 Days PD","0.00","0.00","0.00","0.00","0.00","0.00","0.00","0.00","19 "
"187","- 90+ Days Past Due","0.00","0.00","0.00","0.00","0.00 ","- 90+ Days Past Due","0.00","0.00","0.00","0.00","0.00","0.00","0.00","0.00","19 "
"195","- Nonaccrual","0.00","0.19","0.17","0.18","0.62 ","- Nonaccrual","0.00","0.00","0.00","0.00","0.00","0.00","0.00","0.12","19 "
"205","Other Lns&Ls - 30-89 Days PD","0.17","0.16","0.21","0.31","0.50 "," Other Lns&Ls - 30,-89 Days PD","0.16","0.00","0.00","0.00","0.06","0.24","0.61","0.88","89 "
"2110","- 90+ Days Past Due","0.03","0.02","0.03","0.03","0.08 ","- 90+ Days Past Due","0.03","0.00","0.00","0.00","0.00","0.02","0.17","0.42","89 "
"228","- Nonaccrual","0.24","0.30","0.27","0.43","0.72 ","- Nonaccrual","0.24","0.00","0.00","0.00","0.09","0.34","1.10","1.43","89 "
"246","MEMORANDA: ",NA,NA,NA,NA,NA," MEMORANDA: ","","","","","",NA,NA,NA,NA
"257","1-4 Family- 30-89 Days PD","0.97","1.20","1.24","1.36","1.57 "," 1-4 Family- 30,-89 Days PD","0.96","0.09","0.21","0.40","0.72","1.34","2.32","2.75","89 "
"267","- 90+ Days Past Due","0.84","1.04","0.99","1.14","1.08 ","- 90+ Days Past Due","0.84","0.00","0.00","0.00","0.11","1.19","3.81","6.36","89 "
"275","- Nonaccrual","1.99","2.30","2.21","2.74","3.31 ","- Nonaccrual","1.98","0.18","0.33","0.80","1.53","2.94","4.65","5.90","89 "
"287","  Revolving- 30-89 Days PD","0.72","0.71","0.66","0.80","0.75 ","Revolving- 30,-89 Days PD","0.71","0.00","0.09","0.35","0.56","0.96","1.59","1.98","88 "
"296","- 90+ Days Past Due","0.10","0.13","0.12","0.18","0.18 ","- 90+ Days Past Due","0.10","0.00","0.00","0.00","0.00","0.14","0.44","0.82","88 "
"307","- Nonaccrual","1.28","1.19","1.23","1.02","1.34 ","- Nonaccrual","1.28","0.00","0.00","0.34","0.98","2.15","3.20","4.93","88 "
"3110","  Closed-End  - 30-89 Days PD","1.08","1.34","1.43","1.63","1.98 ","Closed-End  - 30,-89 Days PD","1.07","0.07","0.16","0.39","0.80","1.61","2.53","3.28","89 "
"326","- 90+ Days Past Due","1.05","1.34","1.26","1.51","1.45 ","- 90+ Days Past Due","1.05","0.00","0.00","0.00","0.12","1.82","5.62","6.91","89 "
"336","- Nonaccrual","2.25","2.64","2.51","3.34","4.13 ","- Nonaccrual","2.24","0.16","0.30","0.99","1.70","3.31","5.75","6.37","89 "
"345","-Jr Lien 30-89 Days PD","0.07","0.10","0.10","0.14","0.19 ","-Jr Lien 30,-89 Days PD","0.06","0.00","0.00","0.01","0.04","0.10","0.18","0.33","89 "
"354","-Jr Lien 90+ Days PD","0.01","0.02","0.02","0.03","0.05 ","-Jr Lien 90+ Days PD","0.01","0.00","0.00","0.00","0.00","0.01","0.04","0.07","89 "
"366","-Jr Lien Nonaccrual","0.16","0.17","0.17","0.19","0.29 ","-Jr Lien Nonaccrual","0.15","0.00","0.00","0.01","0.08","0.23","0.57","0.74","89 "
"376","Commercial RE - 30-89 Days PD","0.33","0.50","0.65","0.79","1.11 "," Commercial RE - 30,-89 Days PD","0.32","0.00","0.00","0.09","0.27","0.47","0.96","1.21","90 "
"386","- 90+ Days Past Due","0.28","0.42","0.34","0.46","0.57 ","- 90+ Days Past Due","0.28","0.00","0.00","0.00","0.04","0.37","1.31","1.97","90 "
"394","- Nonaccrual","1.63","2.90","2.42","4.31","6.70 ","- Nonaccrual","1.63","0.00","0.29","0.73","1.43","2.20","3.66","5.09","90 "
"404","  Const & Dev - 30-89 Days PD","0.47","0.73","1.24","1.26","1.70 ","Const & Dev - 30,-89 Days PD","0.46","0.00","0.00","0.00","0.27","0.59","2.03","2.63","89 "
"419","- 90+ Days Past Due","0.73","1.24","1.05","1.43","1.57 ","- 90+ Days Past Due","0.73","0.00","0.00","0.00","0.02","0.69","3.62","6.78","89 "
"423","- Nonaccrual","3.28","6.41","5.54","10.39","15.47 ","- Nonaccrual","3.27","0.00","0.00","0.94","2.58","4.96","9.93","15.64","89 "
"434","  Multifamily - 30-89 Days PD","0.22","0.33","0.55","0.57","0.84 ","Multifamily - 30,-89 Days PD","0.22","0.00","0.00","0.00","0.06","0.37","0.87","1.55","85 "
"444","- 90+ Days Past Due","0.18","0.24","0.26","0.19","0.41 ","- 90+ Days Past Due","0.18","0.00","0.00","0.00","0.00","0.16","0.77","3.09","85 "
"453","- Nonaccrual","0.70","1.67","1.29","2.49","3.44 ","- Nonaccrual","0.70","0.00","0.00","0.08","0.45","1.15","2.57","3.42","85 "
"463","  Nonfarm Nres- 30-89 Days PD","0.29","0.44","0.51","0.60","0.82 ","Nonfarm Nres- 30,-89 Days PD","0.29","0.00","0.00","0.07","0.25","0.42","0.88","1.18","87 "
"473","- 90+ Days Past Due","0.20","0.28","0.23","0.30","0.34 ","- 90+ Days Past Due","0.19","0.00","0.00","0.00","0.03","0.27","0.90","1.50","87 "
"482","- Nonaccrual","1.51","2.35","2.09","3.28","4.23 ","- Nonaccrual","1.51","0.00","0.09","0.61","1.25","2.12","3.53","4.39","87 "
"492","Farmland- 30-89 Days PD","0.49","0.45","0.32","0.40","0.44 "," Farmland- 30,-89 Days PD","0.48","0.00","0.00","0.00","0.15","0.46","2.26","4.04","60 "
"501","- 90+ Days Past Due","0.38","0.44","0.58","0.57","0.23 ","- 90+ Days Past Due","0.38","0.00","0.00","0.00","0.00","0.08","2.02","5.38","60 "
"511","- Nonaccrual","1.73","2.76","3.17","3.91","5.27 ","- Nonaccrual","1.72","0.00","0.00","0.00","1.01","3.15","6.25","7.53","60 "
"521","Credit Card- 30-89 Days PD","1.02","1.18","1.06","1.10","1.30 "," Credit Card- 30,-89 Days PD","1.01","0.00","0.00","0.64","1.10","1.46","2.02","2.57","60 "
"531","- 90+ Days Past Due","0.51","0.53","0.54","0.70","0.97 ","- 90+ Days Past Due","0.50","0.00","0.00","0.00","0.55","0.95","1.24","1.52","60 "
"541","- Nonaccrual","0.21","0.29","0.29","0.28","0.39 ","- Nonaccrual","0.21","0.00","0.00","0.00","0.00","0.36","1.05","1.53","60 "
"229","Tier 1 Leverage Ratio","9.67","9.55","9.37","9.26","9.03 "," Tier 1 Leverage Ratio","9.66","5.58","7.12","8.28","9.65","10.85","12.28","13.11","78 "
"327","Tier 1 RBC Ratio","13.20","13.21","12.83","13.12","12.96 "," Tier 1 RBC Ratio","13.19","9.64","10.57","11.32","12.80","14.95","16.93","18.57","78 "
"420","Total Risk-Based Capital Ratio","15.07","15.33","14.83","15.47","15.62 "," Total Risk-Based Capital Ratio","15.06","11.39","12.56","13.50","14.71","16.59","17.90","19.87","78 "
"68","Tangible Tier 1 Leverage Ratio","9.37","9.28","9.10","8.95","8.70 "," Tangible Tier 1 Leverage Ratio","9.36","5.01","6.84","8.21","9.38","10.50","11.74","13.10","78 "
"76","Tangible Common Eq Cap/Tan Assets","8.32","8.17","8.03","7.73","7.05 "," Tangible Common Eq Cap/Tan Assets","8.31","4.12","5.63","7.24","8.30","9.17","10.84","12.74","78 "
"88","DERIVATIVES AND ",NA,NA,NA,NA,NA," DERIVATIVES AND ","","","","","","","","",NA
"97","OFF-BALANCE-SHEET TRANSACTIONS ",NA,NA,NA,NA,NA," OFF-BALANCE-SHEET TRANSACTIONS ","","","","","","","","",NA
"117","PERCENT OF TOTAL ASSETS: ",NA,NA,NA,NA,NA," PERCENT OF TOTAL ASSETS: ","","","","","","","","",NA
"128","  Loan Commitments","25.75","24.15","24.41","26.66","24.59 ","Loan Commitments","25.74","3.38","7.50","13.78","23.69","32.73","46.29","105.38","93 "
"137","  Standby Letters of Credit","1.45","1.49","1.46","2.11","2.31 ","Standby Letters of Credit","1.44","0.00","0.00","0.18","0.86","2.39","4.61","6.84","93 "
"146","  Commercial & Similar Letters of Credit","0.06","0.06","0.06","0.08","0.08 ","Commercial & Similar Letters of Credit","0.05","0.00","0.00","0.00","0.02","0.08","0.23","0.40","93 "
"168","  Securities Lent","0.31","0.33","0.29","0.63","0.84 ","Securities Lent","0.30","0.00","0.00","0.00","0.00","0.00","1.47","6.35","93 "
"174","  Credit Derivatives (BHC as Guarantor)","0.16","0.15","0.18","2.62","2.54 ","Credit Derivatives (BHC as Guarantor)","0.16","0.00","0.00","0.00","0.00","0.06","0.94","1.90","93 "
"188","  Credit Derivatives (BHC as Beneficiary)","0.19","0.27","0.25","2.86","2.75 ","Credit Derivatives (BHC as Beneficiary)","0.19","0.00","0.00","0.00","0.00","0.10","0.85","2.97","93 "
"196","  TYPE OF DERIVATIVE INSTRUMENT: ",NA,NA,NA,NA,NA,"TYPE OF DERIVATIVE INSTRUMENT: ","","","","","","","","",NA
"206","  Derivative Contracts","40.75","47.61","43.22","113.41","106.16 ","Derivative Contracts","40.75","0.13","0.69","4.95","15.97","41.57","121.54","390.55","93 "
"2111","  Interest Rate Contracts","26.92","34.22","31.25","86.32","81.18 ","Interest Rate Contracts","26.92","0.01","0.32","4.41","13.98","33.94","93.97","231.21","93 "
"2210","Interest Rate Futures & Forward Contr","5.11","8.17","6.72","14.00","13.85 ","Interest Rate Futures & Forward Contr","5.10","0.00","0.00","0.00","0.40","2.87","21.05","82.26","93 "
"236","Written Options Contr (Int Rate)","1.99","2.43","2.08","4.40","5.08 ","Written Options Contr (Int Rate)","1.99","0.00","0.00","0.03","0.55","1.65","6.88","29.14","93 "
"247","Purchased Options Contr (Int Rate)","1.38","1.54","1.46","4.16","5.03 ","Purchased Options Contr (Int Rate)","1.37","0.00","0.00","0.00","0.20","1.30","5.46","17.85","93 "
"258","Interest Rate Swaps","16.79","18.98","17.60","62.22","51.76 ","Interest Rate Swaps","16.79","0.00","0.00","2.20","10.80","19.31","49.27","143.02","93 "
"276","  Foreign Exchange Contracts","9.02","9.35","9.01","19.05","17.41 ","Foreign Exchange Contracts","9.02","0.00","0.00","0.00","0.20","3.16","14.22","252.91","93 "
"288","Futures & Forward Foreign Exch Contr","5.23","5.88","5.81","11.41","10.24 ","Futures & Forward Foreign Exch Contr","5.22","0.00","0.00","0.00","0.18","2.70","10.35","122.90","93 "
"297","Written Options Contr (Foreign Exch)","0.06","0.12","0.11","0.59","0.62 ","Written Options Contr (Foreign Exch)","0.06","0.00","0.00","0.00","0.00","0.00","0.31","1.18","93 "
"308","Purchased Options Contr (Foreign Exch)","0.07","0.14","0.11","0.58","0.62 ","Purchased Options Contr (Foreign Exch)","0.07","0.00","0.00","0.00","0.00","0.00","0.35","1.32","93 "
"3111","Foreign Exchange Rate Swaps","0.81","0.98","0.92","3.99","2.25 ","Foreign Exchange Rate Swaps","0.80","0.00","0.00","0.00","0.00","0.13","3.39","15.93","93 "
"337","  Equity,Commodity, & Other Deriv Contr","1.58","1.89","1.54","3.41","2.77 ","Equity,Commodity, & Other Deriv Contr","1.58","0.00","0.00","0.00","0.00","0.75","9.20","17.81","93 "
"346","Commodity & Other Fut & Forward Contr","0.09","0.10","0.09","0.28","0.32 ","Commodity & Other Fut & Forward Contr","0.09","0.00","0.00","0.00","0.00","0.00","0.14","2.52","93 "
"355","Written Options Contr (Comm & Other)","0.66","0.69","0.64","1.28","1.16 ","Written Options Contr (Comm & Other)","0.66","0.00","0.00","0.00","0.00","0.15","3.45","11.36","93 "
"367","Purchased Options Contr (Comm & Oth)","0.40","0.51","0.40","0.95","0.68 ","Purchased Options Contr (Comm & Oth)","0.40","0.00","0.00","0.00","0.00","0.17","2.31","5.17","93 "
"377","Commodity & Other Swaps","0.24","0.28","0.22","0.49","0.35 ","Commodity & Other Swaps","0.24","0.00","0.00","0.00","0.00","0.10","1.36","3.47","93 "
"395","PERCENT OF AVERAGE LOANS AND LEASES: ",NA,NA,NA,NA,NA," PERCENT OF AVERAGE LOANS AND LEASES: ","","","","","","","","",NA
"405","  Loan Commitments","49.98","47.30","49.23","57.10","50.55 ","Loan Commitments","49.98","5.65","13.80","23.58","38.89","64.47","126.64","163.30","93 "
"230","Interest Rate Contracts","87.94","86.01","87.64","84.63","87.69 "," Interest Rate Contracts","87.94","8.10","51.83","79.29","92.96","99.86","100.00","100.00","91 "
"328","Foreign Exchange Contracts","7.73","8.20","8.15","9.68","8.20 "," Foreign Exchange Contracts","7.73","0.00","0.00","0.00","1.98","10.63","28.12","70.35","91 "
"424","Equity, Comm, & Other Contracts","2.81","3.14","2.78","3.30","2.32 "," Equity, Comm, & Other Contracts","2.81","0.00","0.00","0.00","0.00","2.83","15.91","19.83","91 "
"69","Futures and Forwards","23.61","25.11","24.46","24.98","25.32 "," Futures and Forwards","23.60","0.00","0.07","4.55","15.29","32.42","67.90","87.16","91 "
"77","Written Options","9.22","10.37","9.31","8.59","7.79 "," Written Options","9.21","0.00","0.00","2.45","6.47","12.15","31.12","40.59","91 "
"89","  Exchange-Traded","0.15","0.24","0.08","0.31","0.33 ","Exchange-Traded","0.14","0.00","0.00","0.00","0.00","0.00","1.00","2.40","91 "
"98","  Over-The-Counter","8.78","9.91","9.04","7.79","7.09 ","Over-The-Counter","8.78","0.00","0.00","2.36","5.83","11.60","31.11","40.59","91 "
"107","Purchased Options","4.37","3.93","3.98","4.68","4.47 "," Purchased Options","4.37","0.00","0.00","0.00","2.93","8.65","13.69","18.25","91 "
"118","  Exchange-Traded","0.25","0.14","0.15","0.25","0.30 ","Exchange-Traded","0.25","0.00","0.00","0.00","0.00","0.00","1.38","3.96","91 "
"129","  Over-The-Counter","3.81","3.56","3.52","3.96","3.76 ","Over-The-Counter","3.81","0.00","0.00","0.00","2.36","7.02","13.61","18.25","91 "
"138","Swaps","55.88","51.58","53.80","58.87","55.17 "," Swaps","55.88","0.00","0.06","39.29","66.17","81.24","91.93","97.24","91 "
"157","Held for Trading","45.17","41.01","43.59","50.43","51.40 "," Held for Trading","45.16","0.00","0.00","0.00","51.16","88.75","98.75","99.63","91 "
"169","  Interest Rate Contracts","35.38","31.19","33.48","39.62","42.14 ","Interest Rate Contracts","35.38","0.00","0.00","0.00","36.86","74.56","85.11","94.60","91 "
"175","  Foreign Exchange Contracts","3.42","3.68","3.77","4.83","4.24 ","Foreign Exchange Contracts","3.42","0.00","0.00","0.00","0.02","4.06","16.69","31.78","91 "
"189","  Equity, Comm, & Other Contracts","1.20","0.95","1.08","1.54","1.09 ","Equity, Comm, & Other Contracts","1.19","0.00","0.00","0.00","0.00","0.05","5.18","18.57","91 "
"207","Non-Traded","54.83","58.99","56.41","49.57","48.60 "," Non-Traded","54.83","0.14","1.09","10.25","42.82","100.00","100.00","100.00","91 "
"2112","  Interest Rate Contracts","48.67","50.25","50.15","35.66","42.56 ","Interest Rate Contracts","48.66","0.00","0.51","7.03","34.26","87.53","100.00","100.00","91 "
"2211","  Foreign Exchange Contracts","2.03","1.94","1.86","2.02","1.37 ","Foreign Exchange Contracts","2.03","0.00","0.00","0.00","0.00","0.75","12.53","21.80","91 "
"237","  Equity, Comm, & Other Contracts","0.77","1.26","0.82","0.71","0.50 ","Equity, Comm, & Other Contracts","0.77","0.00","0.00","0.00","0.00","0.08","5.06","12.87","91 "
"259","Deriv Contr (Excl Fut & FX LE 14 Days)","84.65","80.12","84.04","79.53","82.32 "," Deriv Contr (Excl Fut & FX LE 14 Days)","84.64","38.62","54.74","75.29","88.31","95.62","99.99","100.00","77 "
"268","  One Year or Less","26.57","30.60","29.64","32.71","31.49 ","One Year or Less","26.56","0.82","3.44","12.19","19.91","35.66","65.89","81.35","77 "
"277","  Over 1 Year to 5 Years","30.81","28.76","32.79","27.38","29.22 ","Over 1 Year to 5 Years","30.81","0.00","0.31","12.05","32.21","46.44","61.93","67.79","77 "
"289","  Over 5 Years","18.95","14.13","16.03","12.83","14.32 ","Over 5 Years","18.94","0.00","0.00","5.73","16.13","31.37","46.43","55.99","77 "
"298","Gross Negative Fair Value (Abs Val)","1.56","2.23","1.96","2.16","1.87 "," Gross Negative Fair Value (Abs Val)","1.55","0.19","0.51","0.88","1.44","1.95","3.23","3.70","91 "
"309","Gross Positive Fair Value","1.48","2.13","1.93","2.10","1.94 "," Gross Positive Fair Value","1.47","0.14","0.42","0.87","1.51","1.94","2.49","3.23","91 "
"329","PERCENT OF TIER 1 CAPITAL: ",NA,NA,NA,NA,NA," PERCENT OF TIER 1 CAPITAL: ","","","",NA,NA,NA,NA,NA,NA
"338","Gross Negative Fair Value, Abs Val (X)","0.12","0.17","0.16","0.30","0.23 "," Gross Negative Fair Value, Abs Val (X)","0.12","0.00","0.00","0.00","0.02","0.06","0.37","1.33","78 "
"347","Gross Positive Fair Value (X)","0.12","0.18","0.17","0.31","0.23 "," Gross Positive Fair Value (X)","0.12","0.00","0.00","0.00","0.02","0.08","0.40","1.33","78 "
"356","  Held for Trading (X)","0.10","0.13","0.13","0.26","0.19 ","Held for Trading (X)","0.09","0.00","0.00","0.00","0.01","0.04","0.36","1.26","78 "
"368","  Non-Traded (X)","0.02","0.03","0.02","0.03","0.03 ","Non-Traded (X)","0.01","0.00","0.00","0.00","0.00","0.02","0.06","0.09","78 "
"378","Current Credit Exposure (X)","0.05","0.08","0.08","0.11","0.10 "," Current Credit Exposure (X)","0.04","0.00","0.00","0.00","0.02","0.06","0.12","0.33","78 "
"387","Credit Losses on Derivative Contracts","0.00","0.01","0.01","0.02","0.03 "," Credit Losses on Derivative Contracts","0.00","-0.00","0.00","0.00","0.00","0.00","0.01","0.05","78 "
"406","PAST DUE DERIVATIVE INSTRUMENTS ",NA,NA,NA,NA,NA," PAST DUE DERIVATIVE INSTRUMENTS ","","","",NA,NA,NA,NA,NA,NA
"4110","FAIR VALUE: ",NA,NA,NA,NA,NA," FAIR VALUE: ","","","",NA,NA,NA,NA,NA,NA
"425","  30-89 Days Past Due","0.00","0.00","0.00","0.00","0.00 ","30-89 Days Past Due","0.00","0.00","0.00","0.00","0.00","0.00","0.00","0.00","78 "
"435","  90+ Days Past Due","0.00","0.00","0.00","0.00","0.00 ","90+ Days Past Due","0.00","0.00","0.00","0.00","0.00","0.00","0.00","0.00","78 "
"445","OTHER RATIOS: ",NA,NA,NA,NA,NA," OTHER RATIOS: ","","","",NA,NA,NA,NA,NA,NA
"454","Current Credit Exposure/Risk Wtd Asts","0.59","1.00","0.95","1.31","1.22 "," Current Credit Exposure/Risk Wtd Asts","0.59","0.00","0.00","0.07","0.29","0.76","1.63","5.06","78 "
"238","ANALYSIS RATIOS: ",NA,NA,NA,NA,NA," ANALYSIS RATIOS: ","","","","","","",NA,NA,NA
"330","Ins Underwriting Assets/Consol Assets","0.14","N/A","N/A","N/A","N/A "," Ins Underwriting Assets/Consol Assets","0.14","0.00","0.00","0.00","0.00","0.02","0.25","3.29","93 "
"426","  Ins Under Assets(P/C)/Tot Ins Und Ast","51.26","48.12","48.49","47.64","45.80 ","Ins Under Assets(P/C)/Tot Ins Und Ast","51.25","0.00","0.00","0.00","53.28","100.00","100.00","100.00","36 "
"58","  Ins Under Assets(L/H)/Tot Ins Und Ast","48.74","51.88","51.51","52.36","54.20 ","Ins Under Assets(L/H)/Tot Ins Und Ast","48.74","0.00","0.00","0.00","45.08","100.00","100.00","100.00","36 "
"610","Sep Acct Assets(L/H)/Total Life Ast","5.40","5.15","3.94","1.57","1.95 ","Sep Acct Assets(L/H)/Total Life Ast","5.39","0.00","0.00","0.00","0.00","0.00","24.19","66.95","25 "
"810","Ins Activities Revenue/Adj Oper Inc","1.14","1.14","1.11","1.03","1.00 "," Ins Activities Revenue/Adj Oper Inc","1.13","0.00","0.00","0.03","0.29","1.30","4.45","15.31","93 "
"99","  Premium Inc/Ins Activities Revenue","10.85","13.78","13.39","11.85","14.18 ","Premium Inc/Ins Activities Revenue","10.85","0.00","0.00","0.00","0.00","9.58","70.18","96.46","80 "
"108","Credit Rel Prem Inc/Tot Prem Inc","58.75","58.02","53.80","60.16","61.98 ","Credit Rel Prem Inc/Tot Prem Inc","58.74","0.00","0.00","3.55","91.66","100.00","100.00","100.00","30 "
"119","Other Prem Inc/Total Prem Inc","41.25","41.98","46.20","39.84","38.02 ","Other Prem Inc/Total Prem Inc","41.25","0.00","0.00","0.00","0.00","95.07","100.00","100.00","30 "
"139","Ins Under Net Income/Consol Net Income","0.39","0.22","0.29","0.46","0.53 "," Ins Under Net Income/Consol Net Income","0.39","-0.00","0.00","0.00","0.00","0.06","1.53","7.67","93 "
"147","  Ins Net Inc (P/C)/Equity (P/C)","5.31","5.28","5.23","7.11","8.71 ","Ins Net Inc (P/C)/Equity (P/C)","5.31","-9.83","-6.66","-0.48","1.53","11.63","18.76","19.90","25 "
"158","  Ins Net Inc (L/H)/Equity (L/H)","7.81","6.35","5.92","5.07","5.19 ","Ins Net Inc (L/H)/Equity (L/H)","7.81","-10.52","-1.00","0.31","5.51","10.19","20.76","29.63","25 "
"1610","Insur Ben, Losses, Exp/Insur Premiums","129.27","161.82","176.23","377.60","185.18 "," Insur Ben, Losses, Exp/Insur Premiums","129.26","-13.73","37.76","60.01","79.01","182.77","283.73","394.14","30 "
"1810","Reinsurance Recov(P/C)/Tot Assets(P/C)","1.86","1.06","1.84","2.36","1.34 "," Reinsurance Recov(P/C)/Tot Assets(P/C)","1.85","0.00","0.00","0.00","0.00","3.39","7.69","10.95","26 "
"197","Reinsurance Recov(L/H)/Tot Assets(L/H)","0.56","0.58","0.29","0.10","0.36 "," Reinsurance Recov(L/H)/Tot Assets(L/H)","0.55","0.00","0.00","0.00","0.00","0.18","2.57","6.34","25 "
"2113","Net Assets Ins Under Subs/Cons Assets","0.00","0.01","0.01","0.02","0.02 "," Net Assets Ins Under Subs/Cons Assets","0.00","0.00","0.00","0.00","0.00","0.00","0.01","0.08","93 "
"2212","CSV Life Insurance/Tier 1 Cap + ALLL","10.02","9.80","10.26","9.14","9.27 "," CSV Life Insurance/Tier 1 Cap + ALLL","10.01","0.00","0.00","1.98","9.02","17.80","24.36","25.29","78 "
"248","BROKER-DEALER ACTIVITIES ",NA,NA,NA,NA,NA," BROKER-DEALER ACTIVITIES ","","","","","","",NA,NA,NA
"269","Net Assets Broker-Dealer Subs/Cons Asts","0.45","0.44","0.40","1.28","1.39 "," Net Assets Broker-Dealer Subs/Cons Asts","0.45","0.00","0.00","0.00","0.00","0.04","0.98","13.09","93 "
"278","FOREIGN ACTIVITIES ",NA,NA,NA,NA,NA," FOREIGN ACTIVITIES ","","","","","","",NA,NA,NA
"299","Yield: Foreign Loans","1.63","2.60","2.25","2.39","3.64 "," Yield: Foreign Loans","1.62","0.00","0.00","0.00","0.14","3.30","6.26","7.47","71 "
"3010","Cost: Interest-Bearing Deposits","0.36","0.55","0.46","0.50","0.48 "," Cost: Interest-Bearing Deposits","0.36","0.00","0.06","0.11","0.21","0.41","1.02","2.04","45 "
"3210","NET LOSSES AS % OF FOREIGN LNS&LS BY TYPE: ",NA,NA,NA,NA,NA," NET LOSSES AS % OF FOREIGN LNS&LS BY TYPE: ","","","","","","",NA,NA,NA
"339","  Real Estate Loans","2.27","4.93","3.40","3.56","194.12 ","Real Estate Loans","2.27","0.13","0.13","0.16","0.35","0.91","5.26","7.35","5 "
"348","  Commercial and Industrial Loans","4.68","0.45","0.50","1.17","1.06 ","Commercial and Industrial Loans","4.67","0.01","0.01","0.06","0.55","1.48","5.73","21.02","11 "
"357","  Foreign Governments and Inst","0.00","0.00","0.00","-0.11","-0.13 ","Foreign Governments and Inst","0.00","0.00","0.00","0.00","0.00","0.00","0.00","0.00","19 "
"369","GROWTH RATES: ",NA,NA,NA,NA,NA," GROWTH RATES: ","","","","","","",NA,NA,NA
"379","Net Loans and Leases","25.39","13.83","14.97","37.19","22.90 "," Net Loans and Leases","25.39","-37.26","-21.40","-2.17","12.61","45.05","90.27","237.91","68 "
"388","Total Selected Assets","15.19","18.50","18.61","60.44","16.54 "," Total Selected Assets","15.18","-63.10","-34.55","-6.14","3.24","28.72","76.13","153.67","74 "
"396","Deposits","-9.01","-0.35","-6.60","-12.83","0.96 "," Deposits","-9.01  -10","0.00","-95.45","-28.64","-3.13","8.08","20.22","28.85","45 "
"239","ANALYSIS RATIOS: ",NA,NA,NA,NA,NA," ANALYSIS RATIOS: ","","","","","","",NA,NA,NA
"340","Ins Underwriting Assets/Consol Assets","0.14","N/A","N/A","N/A","N/A "," Ins Underwriting Assets/Consol Assets","0.14","0.00","0.00","0.00","0.00","0.02","0.25","3.29","93 "
"427","  Ins Under Assets(P/C)/Tot Ins Und Ast","51.26","48.12","48.49","47.64","45.80 ","Ins Under Assets(P/C)/Tot Ins Und Ast","51.25","0.00","0.00","0.00","53.28","100.00","100.00","100.00","36 "
"59","  Ins Under Assets(L/H)/Tot Ins Und Ast","48.74","51.88","51.51","52.36","54.20 ","Ins Under Assets(L/H)/Tot Ins Und Ast","48.74","0.00","0.00","0.00","45.08","100.00","100.00","100.00","36 "
"611","Sep Acct Assets(L/H)/Total Life Ast","5.40","5.15","3.94","1.57","1.95 ","Sep Acct Assets(L/H)/Total Life Ast","5.39","0.00","0.00","0.00","0.00","0.00","24.19","66.95","25 "
"811","Ins Activities Revenue/Adj Oper Inc","1.14","1.14","1.11","1.03","1.00 "," Ins Activities Revenue/Adj Oper Inc","1.13","0.00","0.00","0.03","0.29","1.30","4.45","15.31","93 "
"910","  Premium Inc/Ins Activities Revenue","10.85","13.78","13.39","11.85","14.18 ","Premium Inc/Ins Activities Revenue","10.85","0.00","0.00","0.00","0.00","9.58","70.18","96.46","80 "
"109","Credit Rel Prem Inc/Tot Prem Inc","58.75","58.02","53.80","60.16","61.98 ","Credit Rel Prem Inc/Tot Prem Inc","58.74","0.00","0.00","3.55","91.66","100.00","100.00","100.00","30 "
"1110","Other Prem Inc/Total Prem Inc","41.25","41.98","46.20","39.84","38.02 ","Other Prem Inc/Total Prem Inc","41.25","0.00","0.00","0.00","0.00","95.07","100.00","100.00","30 "
"1310","Ins Under Net Income/Consol Net Income","0.39","0.22","0.29","0.46","0.53 "," Ins Under Net Income/Consol Net Income","0.39","-0.00","0.00","0.00","0.00","0.06","1.53","7.67","93 "
"148","  Ins Net Inc (P/C)/Equity (P/C)","5.31","5.28","5.23","7.11","8.71 ","Ins Net Inc (P/C)/Equity (P/C)","5.31","-9.83","-6.66","-0.48","1.53","11.63","18.76","19.90","25 "
"159","  Ins Net Inc (L/H)/Equity (L/H)","7.81","6.35","5.92","5.07","5.19 ","Ins Net Inc (L/H)/Equity (L/H)","7.81","-10.52","-1.00","0.31","5.51","10.19","20.76","29.63","25 "
"1611","Insur Ben, Losses, Exp/Insur Premiums","129.27","161.82","176.23","377.60","185.18 "," Insur Ben, Losses, Exp/Insur Premiums","129.26","-13.73","37.76","60.01","79.01","182.77","283.73","394.14","30 "
"1811","Reinsurance Recov(P/C)/Tot Assets(P/C)","1.86","1.06","1.84","2.36","1.34 "," Reinsurance Recov(P/C)/Tot Assets(P/C)","1.85","0.00","0.00","0.00","0.00","3.39","7.69","10.95","26 "
"198","Reinsurance Recov(L/H)/Tot Assets(L/H)","0.56","0.58","0.29","0.10","0.36 "," Reinsurance Recov(L/H)/Tot Assets(L/H)","0.55","0.00","0.00","0.00","0.00","0.18","2.57","6.34","25 "
"2114","Net Assets Ins Under Subs/Cons Assets","0.00","0.01","0.01","0.02","0.02 "," Net Assets Ins Under Subs/Cons Assets","0.00","0.00","0.00","0.00","0.00","0.00","0.01","0.08","93 "
"2213","CSV Life Insurance/Tier 1 Cap + ALLL","10.02","9.80","10.26","9.14","9.27 "," CSV Life Insurance/Tier 1 Cap + ALLL","10.01","0.00","0.00","1.98","9.02","17.80","24.36","25.29","78 "
"249","BROKER-DEALER ACTIVITIES ",NA,NA,NA,NA,NA," BROKER-DEALER ACTIVITIES ","","","","","","",NA,NA,NA
"2610","Net Assets Broker-Dealer Subs/Cons Asts","0.45","0.44","0.40","1.28","1.39 "," Net Assets Broker-Dealer Subs/Cons Asts","0.45","0.00","0.00","0.00","0.00","0.04","0.98","13.09","93 "
"279","FOREIGN ACTIVITIES ",NA,NA,NA,NA,NA," FOREIGN ACTIVITIES ","","","","","","",NA,NA,NA
"2910","Yield: Foreign Loans","1.63","2.60","2.25","2.39","3.64 "," Yield: Foreign Loans","1.62","0.00","0.00","0.00","0.14","3.30","6.26","7.47","71 "
"3011","Cost: Interest-Bearing Deposits","0.36","0.55","0.46","0.50","0.48 "," Cost: Interest-Bearing Deposits","0.36","0.00","0.06","0.11","0.21","0.41","1.02","2.04","45 "
"3211","NET LOSSES AS % OF FOREIGN LNS&LS BY TYPE: ",NA,NA,NA,NA,NA," NET LOSSES AS % OF FOREIGN LNS&LS BY TYPE: ","","","","","","",NA,NA,NA
"3310","  Real Estate Loans","2.27","4.93","3.40","3.56","194.12 ","Real Estate Loans","2.27","0.13","0.13","0.16","0.35","0.91","5.26","7.35","5 "
"349","  Commercial and Industrial Loans","4.68","0.45","0.50","1.17","1.06 ","Commercial and Industrial Loans","4.67","0.01","0.01","0.06","0.55","1.48","5.73","21.02","11 "
"358","  Foreign Governments and Inst","0.00","0.00","0.00","-0.11","-0.13 ","Foreign Governments and Inst","0.00","0.00","0.00","0.00","0.00","0.00","0.00","0.00","19 "
"3610","GROWTH RATES: ",NA,NA,NA,NA,NA," GROWTH RATES: ","","","","","","",NA,NA,NA
"3710","Net Loans and Leases","25.39","13.83","14.97","37.19","22.90 "," Net Loans and Leases","25.39","-37.26","-21.40","-2.17","12.61","45.05","90.27","237.91","68 "
"389","Total Selected Assets","15.19","18.50","18.61","60.44","16.54 "," Total Selected Assets","15.18","-63.10","-34.55","-6.14","3.24","28.72","76.13","153.67","74 "
"397","Deposits","-9.01","-0.35","-6.60","-12.83","0.96 "," Deposits","-9.01  -10","0.00","-95.45","-28.64","-3.13","8.08","20.22","28.85","45 "
"240","Div Paid/Inc Before Undist Inc","52.90","57.53","64.35","69.45","73.55 "," Div Paid/Inc Before Undist Inc","52.89","0.00","0.00","11.36","41.05","95.98","129.33","179.43","76 "
"350","Dividends Paid/Net Income","25.36","23.38","25.15","24.90","35.75 "," Dividends Paid/Net Income","25.36","0.00","0.00","4.04","23.83","38.94","65.36","83.12","90 "
"428","Net Income - Dividends/Avg Equity","6.06","5.55","5.50","4.71","3.00 "," Net Income - Dividends/Avg Equity","6.06","-1.08","0.77","3.50","5.83","8.44","11.46","12.03","93 "
"612","PERCENT OF DIVIDENDS PAID: ",NA,NA,NA,NA,NA," PERCENT OF DIVIDENDS PAID: ","","","","","",NA,NA,NA,NA
"78","  Dividends From Bank Subs","169.71","157.32","161.00","117.14","83.88 ","Dividends From Bank Subs","169.71","0.00","0.00","0.00","101.96","278.59","581.11","969.25","75 "
"812","  Dividends From Nonbank Subs","19.04","14.95","19.39","17.32","12.50 ","Dividends From Nonbank Subs","19.04","0.00","0.00","0.00","0.17","8.56","40.60","282.18","75 "
"911","  Dividends From Subsidiary BHCs","25.97","32.23","35.97","44.17","32.86 ","Dividends From Subsidiary BHCs","25.97","0.00","0.00","0.00","0.00","0.00","197.92","291.28","75 "
"1010","Dividends From All Subsidiaries","339.35","269.08","277.66","229.85","187.24 ","Dividends From All Subsidiaries","339.35","0.00","7.38","94.71","179.51","412.81","980.59  160,3.01",NA,"75 "
"1210","PAYOUT RATIOS - SUBSIDIARIES: ",NA,NA,NA,NA,NA," PAYOUT RATIOS - SUBSIDIARIES: ","","","","","",NA,NA,NA,NA
"1311","  PERCENT OF BANK NET INCOME: ",NA,NA,NA,NA,NA,"PERCENT OF BANK NET INCOME: ","","","","","",NA,NA,NA,NA
"149","Dividends From Bank Subs","58.12","42.91","52.35","37.26","27.49 ","Dividends From Bank Subs","58.11","0.00","0.00","22.06","57.88","93.56","131.02","159.96","70 "
"1510","Interest Income From Bank Subs","0.66","0.68","0.67","1.07","2.76 ","Interest Income From Bank Subs","0.66","0.00","0.00","0.00","0.11","0.42","2.56","6.92","70 "
"1612","Mgt & Service Fees From Bank Subs","3.02","1.83","1.99","5.53","6.45 ","Mgt & Service Fees From Bank Subs","3.02","0.00","0.00","0.00","0.00","0.41","16.93","37.37","70 "
"176","Other Income From Bank Subs","0.00","0.00","0.00","0.02","0.36 ","Other Income From Bank Subs","0.00","0.00","0.00","0.00","0.00","0.00","0.00","0.00","70 "
"1812","Operating Income From Bank Subs","67.98","48.55","63.78","50.83","57.67 ","Operating Income From Bank Subs","67.97","0.01","0.41","30.27","62.95","98.83","143.30","160.77","70 "
"208","  PERCENT OF NONBANK NET INCOME: ",NA,NA,NA,NA,NA,"PERCENT OF NONBANK NET INCOME: ","","","","","",NA,NA,NA,NA
"2115","Dividends From Nonbank Subs","34.34","41.91","46.23","67.04","53.73 ","Dividends From Nonbank Subs","34.34","0.00","0.00","0.00","3.70","74.68","100.00","168.84","66 "
"2214","Interest Income From Nonbank Subs","8.78","12.10","8.57","15.70","15.94 ","Interest Income From Nonbank Subs","8.78","0.00","0.00","0.00","0.20","13.15","45.03","73.01","66 "
"2310","Mgt & Serv Fees From Nonbank Subs","2.64","4.45","4.75","2.98","5.72 ","Mgt & Serv Fees From Nonbank Subs","2.63","0.00","0.00","0.00","0.00","0.84","15.50","34.71","66 "
"2410","Other Income From Nonbank Subs","0.37","0.59","0.19","0.52","0.09 ","Other Income From Nonbank Subs","0.36","-6.07","0.00","0.00","0.00","0.00","0.00","12.54","66 "
"2510","Operating Inc From Nonbank Subs","56.08","88.41","97.04","107.01","97.57 ","Operating Inc From Nonbank Subs","56.07","0.00","0.00","3.80","42.38","100.00","130.20","243.14","66 "
"2611","  PERCENT OF SUB BHCs' NET INCOME: ",NA,NA,NA,NA,NA,"PERCENT OF SUB BHCs' NET INCOME: ","","","","","",NA,NA,NA,NA
"2710","Dividends From Subsidiary BHCs","31.69","35.35","49.24","47.86","50.38 ","Dividends From Subsidiary BHCs","31.68","0.00","0.00","0.00","16.60","66.24","79.75","85.21","28 "
"2810","Interest Inc From Subsidiary BHCs","0.30","0.23","0.28","1.02","1.39 ","Interest Inc From Subsidiary BHCs","0.30","0.00","0.00","0.00","0.00","0.14","1.52","1.94","28 "
"2911","Mgt & Serv Fees From Sub BHCs","1.06","1.04","0.92","1.15","2.41 ","Mgt & Serv Fees From Sub BHCs","1.05","0.00","0.00","0.00","0.00","0.00","4.91","12.33","28 "
"3012","Other Income From Subsidiary BHCs","0.00","0.00","0.00","0.00","0.00 ","Other Income From Subsidiary BHCs","0.00","0.00","0.00","0.00","0.00","0.00","0.00","0.00","28 "
"3112","Operating Income From Sub BHCs","34.00","37.58","51.87","51.44","54.18 ","Operating Income From Sub BHCs","34.00","0.00","0.00","0.14","16.60","70.21","86.63","94.70","28 "
"3311","DEPENDENCE ON SUBSIDIARIES: ",NA,NA,NA,NA,NA," DEPENDENCE ON SUBSIDIARIES: ","","","","","",NA,NA,NA,NA
"3410","  PERCENT OF TOTAL OPERATING INCOME: ",NA,NA,NA,NA,NA,"PERCENT OF TOTAL OPERATING INCOME: ","","","","","",NA,NA,NA,NA
"359","Dividends From Bank Subsidiaries","46.90","40.39","42.98","37.13","24.89 ","Dividends From Bank Subsidiaries","46.89","0.00","0.00","0.00","56.42","97.04","99.71","99.91","91 "
"3611","Interest Income From Bank Subs","0.88","1.61","1.17","2.30","3.50 ","Interest Income From Bank Subs","0.87","0.00","0.00","0.00","0.10","0.57","3.17","12.38","91 "
"3711","Mgt & Serv Fees From Bank Subs","1.53","1.69","1.48","5.07","10.18 ","Mgt & Serv Fees From Bank Subs","1.53","0.00","0.00","0.00","0.00","0.05","9.64","17.22","91 "
"3810","Other Income From Bank Subs","0.02","0.00","0.00","0.00","0.01 ","Other Income From Bank Subs","0.01","0.00","0.00","0.00","0.00","0.00","0.00","0.59","91 "
"398","Operating Income From Bank Subs","56.31","49.42","50.87","52.88","46.82 ","Operating Income From Bank Subs","56.30","0.00","0.00","3.24","86.82","99.16","99.94","100.00","91 "
"4111","Dividends From Nonbank Subs","4.32","4.67","6.48","6.77","8.28 ","Dividends From Nonbank Subs","4.31","0.00","0.00","0.00","0.00","2.23","24.17","64.19","91 "
"429","Interest Income From Nonbank Subs","1.64","2.94","2.49","3.16","4.14 ","Interest Income From Nonbank Subs","1.64","0.00","0.00","0.00","0.00","0.78","6.84","25.68","91 "
"436","Mgt & Serv Fees From Nonbank Subs","0.35","0.38","0.39","0.31","0.33 ","Mgt & Serv Fees From Nonbank Subs","0.35","0.00","0.00","0.00","0.00","0.00","1.26","6.88","91 "
"446","Other Income From Nonbank Subs","0.04","0.08","0.07","0.03","0.00 ","Other Income From Nonbank Subs","0.03","0.00","0.00","0.00","0.00","0.00","0.00","1.10","91 "
"455","Operating Inc From Nonbank Subs","10.29","12.24","13.08","13.76","16.65 ","Operating Inc From Nonbank Subs","10.28","0.00","0.00","0.00","0.90","12.80","58.11","77.72","91 "
"474","Dividends From Subsidiary BHCs","9.16","9.98","10.75","10.01","8.88 ","Dividends From Subsidiary BHCs","9.16","0.00","0.00","0.00","0.00","0.00","75.43","97.73","91 "
"483","Interest Inc From Subsidiary BHCs","0.05","0.12","0.08","0.26","0.26 ","Interest Inc From Subsidiary BHCs","0.04","0.00","0.00","0.00","0.00","0.00","0.03","1.28","91 "
"493","Mgt & Serv Fees From Sub BHCs","0.00","0.00","0.00","0.00","0.00 ","Mgt & Serv Fees From Sub BHCs","0.00","0.00","0.00","0.00","0.00","0.00","0.00","0.15","91 "
"502","Other Income From Subsidiary BHCs","0.00","0.00","0.00","0.00","0.00 ","Other Income From Subsidiary BHCs","0.00","0.00","0.00","0.00","0.00","0.00","0.00","0.00","91 "
"512","Operating Income From Sub BHCs","10.16","11.68","12.34","12.02","10.64 ","Operating Income From Sub BHCs","10.15","0.00","0.00","0.00","0.00","0.05","84.03","98.22","91 "
"532","  Loans and Adv From Subs/ST Debt","169.07","991.75","188.63","302.33","718.14 ","Loans and Adv From Subs/ST Debt","169.06","0.00","0.00","3.88","44.24","88.11","441.82  148,5.58",NA,"32 "
"542","  Loans and Adv From Subs/Total Debt","33.60","27.98","28.76","58.39","73.30 ","Loans and Adv From Subs/Total Debt","33.59","0.00","0.00","0.58","14.86","43.59","143.35","243.37","63 "
