"","X","X09.30.2010","X09.30.2009","X12.31.2009","X12.31.2008","X12.31.2007","X","RATIO","5%","10%","25%","50%","75%","90%","95%","Count"
"2","Div Paid/Inc Before Undist Inc","205.13","101.79","106.22","121.59","71.25"," Div Paid/Inc Before Undist Inc","205.13","0.00","0.00","12.52","68.40","98.35","547.47  196,7.75",NA,"35"
"3","Dividends Paid/Net Income","32.80","80.86","59.69","76.66","50.51"," Dividends Paid/Net Income","32.79","0.00","0.00","5.15","28.56","51.59","87.61","101.54","55"
"4","Net Income - Dividends/Avg Equity","2.32","-9.53","-7.11","-8.10","3.66"," Net Income - Dividends/Avg Equity","2.31","-26.18","-6.66","-1.16","2.36","7.08","10.70","12.28","72"
"5","PERCENT OF DIVIDENDS PAID:",NA,NA,NA,NA,NA," PERCENT OF DIVIDENDS PAID:","","","","","",NA,NA,NA,NA
"6","  Dividends From Bank Subs","36.50","52.86","59.53","76.03","129.55","Dividends From Bank Subs","36.49","0.00","0.00","0.00","0.00","45.93","161.00","275.99","56"
"7","  Dividends From Nonbank Subs","7.67","5.78","7.18","4.14","8.12","Dividends From Nonbank Subs","7.67","0.00","0.00","0.00","0.33","8.08","31.82","62.00","56"
"8","  Dividends From Subsidiary BHCs","13.84","5.45","7.04","12.71","16.03","Dividends From Subsidiary BHCs","13.83","0.00","0.00","0.00","0.00","0.00","104.32","148.89","56"
"9","Dividends From All Subsidiaries","84.91","72.66","85.50","111.97","194.05","Dividends From All Subsidiaries","84.91","0.00","0.00","0.18","16.91","122.07","324.48","609.16","56"
"10","PAYOUT RATIOS - SUBSIDIARIES:",NA,NA,NA,NA,NA," PAYOUT RATIOS - SUBSIDIARIES:","","","","","",NA,NA,NA,NA
"11","  PERCENT OF BANK NET INCOME:",NA,NA,NA,NA,NA,"PERCENT OF BANK NET INCOME:","","","","","",NA,NA,NA,NA
"12","Dividends From Bank Subs","19.73","57.85","60.08","93.93","86.39","Dividends From Bank Subs","19.72","0.00","0.00","0.00","0.00","48.00","66.00","100.00","47"
"13","Interest Income From Bank Subs","2.35","2.13","2.70","5.45","4.07","Interest Income From Bank Subs","2.35","0.00","0.00","0.00","0.27","3.06","10.22","16.54","47"
"14","Mgt & Service Fees From Bank Subs","4.52","261.60","17.89","8.83","4.86","Mgt & Service Fees From Bank Subs","4.51","0.00","0.00","0.00","0.00","2.85","27.90","49.89","47"
"15","Other Income From Bank Subs","0.40","0.44","0.55","0.18","0.04","Other Income From Bank Subs","0.40","0.00","0.00","0.00","0.00","0.00","0.04","11.25","47"
"16","Operating Income From Bank Subs","45.82","855.88","86.28","135.43","104.62","Operating Income From Bank Subs","45.82","0.00","0.09","1.85","25.28","67.77","105.92","345.98","47"
"17","  PERCENT OF NONBANK NET INCOME:",NA,NA,NA,NA,NA,"PERCENT OF NONBANK NET INCOME:","","","","","",NA,NA,NA,NA
"18","Dividends From Nonbank Subs","75.58","79.68","64.43","62.85","80.92","Dividends From Nonbank Subs","75.57","0.00","0.00","0.00","13.98","105.33","282.35","581.35","46"
"19","Interest Income From Nonbank Subs","43.89","41.13","61.19","14.32","60.61","Interest Income From Nonbank Subs","43.89","0.00","0.00","0.00","5.52","41.87","146.00","560.48","46"
"20","Mgt & Serv Fees From Nonbank Subs","2.65","4.66","3.43","4.47","2.56","Mgt & Serv Fees From Nonbank Subs","2.65","0.00","0.00","0.00","0.00","0.00","14.21","45.98","46"
"21","Other Income From Nonbank Subs","0.09","0.00","0.99","0.01","0.03","Other Income From Nonbank Subs","0.09","0.00","0.00","0.00","0.00","0.00","0.09","2.18","46"
"22","Operating Inc From Nonbank Subs","148.77","143.83","142.10","89.90","188.18","Operating Inc From Nonbank Subs","148.76","0.00","0.00","13.37","66.66","204.48","658.97","737.04","46"
"23","  PERCENT OF SUB BHCs' NET INCOME:",NA,NA,NA,NA,NA,"PERCENT OF SUB BHCs' NET INCOME:","","","","","",NA,NA,NA,NA
"24","Dividends From Subsidiary BHCs","43.87","29.41","56.34","134.04","38.68","Dividends From Subsidiary BHCs","43.86","0.00","0.00","0.00","0.00","45.77","123.36","170.57","18"
"25","Interest Inc From Subsidiary BHCs","11.57","4.71","5.09","20.51","8.74","Interest Inc From Subsidiary BHCs","11.57","0.00","0.00","0.00","0.00","0.37","13.81","41.52","18"
"26","Mgt & Serv Fees From Sub BHCs","3.62","4.63","2.15","3.96","1.78","Mgt & Serv Fees From Sub BHCs","3.62","0.00","0.00","0.00","0.00","0.01","12.39","21.98","18"
"27","Other Income From Subsidiary BHCs","0.00","0.00","0.00","0.00","0.00","Other Income From Subsidiary BHCs","0.00","0.00","0.00","0.00","0.00","0.00","0.00","0.00","18"
"28","Operating Income From Sub BHCs","59.06","38.75","63.58","158.51","54.91","Operating Income From Sub BHCs","59.06","0.00","0.00","0.01","10.33","45.77","165.45","327.46","18"
"29","DEPENDENCE ON SUBSIDIARIES:",NA,NA,NA,NA,NA," DEPENDENCE ON SUBSIDIARIES:","","","","","",NA,NA,NA,NA
"30","  PERCENT OF TOTAL OPERATING INCOME:",NA,NA,NA,NA,NA,"PERCENT OF TOTAL OPERATING INCOME:","","","","","",NA,NA,NA,NA
"31","Dividends From Bank Subsidiaries","17.07","30.43","32.78","48.64","57.87","Dividends From Bank Subsidiaries","17.06","0.00","0.00","0.00","0.00","26.11","96.20","99.18","71"
"32","Interest Income From Bank Subs","7.56","5.97","6.16","5.08","2.70","Interest Income From Bank Subs","7.55","0.00","0.00","0.00","0.46","9.93","35.06","60.08","71"
"33","Mgt & Serv Fees From Bank Subs","11.93","6.35","7.26","4.24","2.72","Mgt & Serv Fees From Bank Subs","11.92","0.00","0.00","0.00","0.00","4.14","74.13","81.54","71"
"34","Other Income From Bank Subs","0.09","0.00","0.03","0.09","0.01","Other Income From Bank Subs","0.09","0.00","0.00","0.00","0.00","0.00","0.07","2.63","71"
"35","Operating Income From Bank Subs","47.25","51.13","55.15","68.46","69.02","Operating Income From Bank Subs","47.24","0.00","0.00","0.59","53.51","94.68","99.59","101.85","71"
"36","Dividends From Nonbank Subs","10.26","4.48","5.44","3.96","3.79","Dividends From Nonbank Subs","10.25","0.00","0.00","0.00","0.10","8.59","56.56","83.43","71"
"37","Interest Income From Nonbank Subs","4.58","5.20","4.19","2.40","1.80","Interest Income From Nonbank Subs","4.57","0.00","0.00","0.00","0.35","4.56","26.93","32.07","71"
"38","Mgt & Serv Fees From Nonbank Subs","0.22","0.10","0.10","0.09","0.07","Mgt & Serv Fees From Nonbank Subs","0.21","0.00","0.00","0.00","0.00","0.00","1.18","3.02","71"
"39","Other Income From Nonbank Subs","0.00","0.00","0.00","0.00","0.00","Other Income From Nonbank Subs","0.00","0.00","0.00","0.00","0.00","0.00","0.00","0.05","71"
"40","Operating Inc From Nonbank Subs","18.93","13.34","12.71","8.49","6.46","Operating Inc From Nonbank Subs","18.93","0.00","0.00","0.02","4.64","29.75","82.79","88.76","71"
"41","Dividends From Subsidiary BHCs","5.23","2.86","3.66","9.98","9.19","Dividends From Subsidiary BHCs","5.23","0.00","0.00","0.00","0.00","0.00","31.64","76.36","71"
"42","Interest Inc From Subsidiary BHCs","0.43","0.81","0.71","0.91","0.58","Interest Inc From Subsidiary BHCs","0.43","0.00","0.00","0.00","0.00","0.00","3.80","5.86","71"
"43","Mgt & Serv Fees From Sub BHCs","0.00","0.01","0.01","0.03","0.00","Mgt & Serv Fees From Sub BHCs","0.00","0.00","0.00","0.00","0.00","0.00","0.00","0.11","71"
"44","Other Income From Subsidiary BHCs","0.00","0.00","0.00","0.00","0.00","Other Income From Subsidiary BHCs","0.00","0.00","0.00","0.00","0.00","0.00","0.00","0.00","71"
"45","Operating Income From Sub BHCs","8.49","6.54","6.85","14.04","12.75","Operating Income From Sub BHCs","8.48","0.00","0.00","0.00","0.00","0.04","65.15","83.00","71"
"46","  Loans and Adv From Subs/ST Debt","352.26","1331.40","585.90","307.18","1079.59","Loans and Adv From Subs/ST Debt","352.26","0.00","0.00","44.46","169.30","418.12  111,1.05  227,6.21",NA,NA,"28"
"47","  Loans and Adv From Subs/Total Debt","99.48","94.30","130.59","86.37","124.27","Loans and Adv From Subs/Total Debt","99.47","0.00","0.00","10.05","44.48","138.70","409.86","461.64","49"
"210","Interest Income (TE)","4.12","4.27","4.26","5.11","6.13"," Interest Income (TE)","4.12","2.16","3.18","3.64","4.11","4.50","5.09","6.39","72"
"310","Less: Interest Expense","1.00","1.44","1.38","2.16","3.08"," Less: Interest Expense","1.00","0.33","0.47","0.66","0.96","1.20","1.74","2.00","72"
"48","Equals: Net Interest Income (TE)","3.05","2.80","2.85","2.91","3.00"," Equals: Net Interest Income (TE)","3.04","1.08","1.78","2.71","3.04","3.43","3.77","4.65","72"
"51","Plus: Non-Interest Income","1.83","1.87","1.92","1.58","1.64"," Plus: Non-Interest Income","1.82","0.20","0.48","0.90","1.61","2.36","3.96","4.61","72"
"61","Equals: Adj Operating Income (TE)","4.88","4.65","4.75","4.55","4.68"," Equals: Adj Operating Income (TE)","4.87","2.64","3.36","3.96","4.82","5.62","6.58","7.65","72"
"71","Less: Overhead Expense","3.13","3.32","3.28","3.29","2.96"," Less: Overhead Expense","3.12","1.63","2.20","2.62","3.08","3.44","4.47","4.83","72"
"81","Less: Provision for Loan and Lease Losses","1.23","1.97","1.96","1.20","0.36"," Less: Provision for Loan and Lease Losses","1.23","0.12","0.23","0.41","1.12","1.72","2.79","3.18","72"
"91","Plus: Realized G/L on HTM Sec","0.00","0.00","0.00","0.00","0.00"," Plus: Realized G/L on HTM Sec","-0.00","-0.04","-0.00","0.00","0.00","0.00","0.00","0.00","72"
"101","Plus: Realized G/L on AFS Sec","0.06","0.02","0.03","-0.10","-0.02"," Plus: Realized G/L on AFS Sec","0.06","-0.11","-0.02","0.00","0.03","0.10","0.25","0.33","72"
"111","Plus: Other Tax Equiv Adjustments","0.00","0.00","0.00","0.00","0.00"," Plus: Other Tax Equiv Adjustments","0.00","-0.02","-0.00","0.00","0.00","0.00","0.00","0.00","72"
"121","Equals: Pretax Net Oper Inc (TE)","0.68","-0.49","-0.39","-0.16","1.31"," Equals: Pretax Net Oper Inc (TE)","0.67","-2.13","-1.52","0.07","0.74","1.43","1.85","2.19","72"
"131","Less: Applicable Income Taxes (TE)","0.26","0.03","0.03","0.09","0.44"," Less: Applicable Income Taxes (TE)","0.26","-0.39","-0.14","0.03","0.24","0.52","0.64","0.74","72"
"141","Less: Minority Interest","0.00","0.00","0.00","0.00","0.00"," Less: Minority Interest","0.00","-0.01","-0.00","0.00","0.00","0.00","0.02","0.03","72"
"151","Equals: Net Operating Income","0.43","-0.47","-0.40","-0.26","0.86"," Equals: Net Operating Income","0.43","-2.26","-0.90","0.00","0.50","0.98","1.24","1.45","72"
"161","Plus: Net Extraordinary Items","0.00","-0.01","0.00","0.00","0.00"," Plus: Net Extraordinary Items","-0.00","-0.03","0.00","0.00","0.00","0.00","0.00","0.02","72"
"171","Equals: Net Income","0.43","-0.54","-0.38","-0.27","0.87"," Equals: Net Income","0.43","-2.28","-0.90","0.00","0.50","0.98","1.24","1.39","72"
"181","Memo: Net Income (Last Four Qtrs)","0.27","-0.88","-0.38","-0.27","0.85"," Memo: Net Income (Last Four Qtrs)","0.27","-2.79","-1.68","-0.15","0.28","0.97","1.38","1.54","71"
"191","MARGIN ANALYSIS:",NA,NA,NA,NA,NA," MARGIN ANALYSIS:","","","","","","",NA,NA,NA
"201","Avg Earning Assets / Avg Assets","90.20","90.47","90.60","89.81","89.70"," Avg Earning Assets / Avg Assets","90.20","81.65","85.23","87.61","90.34","92.28","95.33","97.13","72"
"211","Avg Int-Bearing Funds / Avg Assets","73.45","75.15","75.27","77.63","76.48"," Avg Int-Bearing Funds / Avg Assets","73.44","56.60","61.00","67.79","73.49","79.04","83.41","85.83","72"
"221","Int Income (TE) / Avg Earning Assets","4.58","4.72","4.70","5.70","6.82"," Int Income (TE) / Avg Earning Assets","4.58","2.33","3.51","3.98","4.56","5.03","5.69","6.95","72"
"231","Int Expense / Avg Earning Assets","1.11","1.59","1.52","2.41","3.44"," Int Expense / Avg Earning Assets","1.11","0.36","0.51","0.73","1.06","1.41","1.93","2.12","72"
"241","Net Int Inc (TE) / Avg Earn Assets","3.39","3.10","3.16","3.25","3.34"," Net Int Inc (TE) / Avg Earn Assets","3.38","1.18","1.94","2.96","3.34","3.89","4.25","5.14","72"
"251","YIELD OR COST:",NA,NA,NA,NA,NA," YIELD OR COST:","","","","","","",NA,NA,NA
"261","Total Loans and Leases (TE)","5.44","5.26","5.29","6.10","7.36"," Total Loans and Leases (TE)","5.44","3.10","4.11","4.71","5.31","5.75","7.48","8.85","72"
"271","Interest-Bearing Bank Balances","0.33","0.53","0.46","2.18","5.42"," Interest-Bearing Bank Balances","0.32","0.02","0.12","0.23","0.28","0.42","0.58","0.79","72"
"281","Fed Funds Sold & Reverse Repos","0.51","0.61","0.48","2.41","5.19"," Fed Funds Sold & Reverse Repos","0.50","0.00","0.09","0.13","0.26","0.64","1.63","2.77","60"
"291","Trading Assets","1.17","1.45","1.42","2.55","3.45"," Trading Assets","1.17","0.00","0.00","0.00","0.32","2.04","4.43","6.11","54"
"301","Total Earning Assets","4.52","4.65","4.64","5.65","6.76"," Total Earning Assets","4.52","2.30","3.45","3.95","4.50","4.99","5.67","6.92","72"
"311","Investment Securities (TE)","3.56","4.33","4.18","4.98","5.27"," Investment Securities (TE)","3.56","1.46","2.40","2.96","3.62","4.16","4.42","4.96","72"
"321","  U.S. Treasury & Agency Sec (excl MBS)","2.28","2.66","2.52","4.27","5.95","U.S. Treasury & Agency Sec (excl MBS)","2.27","0.28","0.70","1.31","1.87","3.36","4.17","5.27","71"
"331","  Mortgage-Backed Securities","3.94","4.66","4.53","4.84","4.89","Mortgage-Backed Securities","3.93","2.55","2.99","3.56","3.86","4.40","4.80","5.15","72"
"341","  All Other Securities","4.83","5.74","5.72","6.71","7.87","All Other Securities","4.83","1.13","1.96","3.13","4.49","6.04","7.86","9.34","72"
"351","Interest-Bearing Deposits","0.93","1.57","1.48","2.43","3.57"," Interest-Bearing Deposits","0.93","0.28","0.43","0.61","0.87","1.24","1.45","1.92","72"
"361","  Time Deposits of $100K or More","1.59","2.46","2.36","3.56","4.96","Time Deposits of $10,0K or More","1.58","0.45","0.71","0.96","1.59","2.01","2.46","2.89","71"
"371","  Time Deposits < $100K","1.80","2.73","2.58","3.53","4.47","Time Deposits < $10,0K","1.80","0.65","1.02","1.34","1.71","2.19","2.68","2.80","71"
"381","  Other Domestic Deposits","0.55","0.78","0.75","1.46","2.50","Other Domestic Deposits","0.54","0.26","0.28","0.38","0.48","0.68","0.87","1.23","72"
"391","  Foreign Deposits","0.49","0.80","0.72","2.20","4.23","Foreign Deposits","0.48","0.12","0.14","0.21","0.34","0.57","1.14","2.13","43"
"401","Fed Funds Purchased and Repos","0.91","1.12","1.09","2.37","4.62"," Fed Funds Purchased and Repos","0.90","0.01","0.10","0.16","0.32","1.70","3.20","3.79","69"
"411","Other Borrowed Funds & Trading Liab","2.47","2.45","2.45","3.32","4.64"," Other Borrowed Funds & Trading Liab","2.47","0.34","0.40","1.36","2.38","3.56","4.24","5.19","72"
"421","All Interest-Bearing Funds","1.36","1.91","1.82","2.81","4.04"," All Interest-Bearing Funds","1.35","0.58","0.65","0.90","1.27","1.68","2.16","2.51","72"
"212","Avg Personnel Exp Per Employee ($000)","64","62","82","76","75"," Avg Personnel Exp Per Employee ($00,0)","64.48","40.14","46.29","52.20","58.91","75.28","95.66","102.98","72"
"312","Avg Assets per Employee ($000)","6,230","6,298","6,201","5,749","5,301"," Avg Assets per Employee ($00,0)","622","9.69  296","6.98  343","8.40  463","6.84  531,5.23  701,6.24  1151,7.1  1366,1.2",NA,NA,NA,"72"
"49","ANALYSIS RATIOS",NA,NA,NA,NA,NA," ANALYSIS RATIOS","","","","","",NA,NA,NA,NA
"62","Mutual Fund Fee Inc / Non-Int Income","2.81","2.96","2.66","3.67","4.25"," Mutual Fund Fee Inc / Non-Int Income","2.80","0.00","0.00","0.78","2.74","4.30","7.11","8.21","71"
"72","Overhead Exp / NII + Non-Int Income","65.42","72.63","73.71","74.49","63.94"," Overhead Exp / NII + Non-Int Income","65.42","47.45","50.49","58.24","65.48","73.74","77.49","81.70","72"
"82","PERCENT OF AVERAGE ASSETS:",NA,NA,NA,NA,NA," PERCENT OF AVERAGE ASSETS:","","","","","",NA,NA,NA,NA
"92","  Total Overhead Expense","3.13","3.32","3.28","3.29","2.96","Total Overhead Expense","3.12","1.63","2.20","2.62","3.08","3.44","4.47","4.83","72"
"102","Personnel Expense","1.51","1.47","1.45","1.46","1.52","Personnel Expense","1.50","0.65","0.89","1.26","1.44","1.70","2.21","2.39","72"
"112","Net Occupancy Expense","0.38","0.38","0.38","0.39","0.39","Net Occupancy Expense","0.37","0.16","0.19","0.29","0.36","0.44","0.58","0.66","72"
"122","Other Operating Expenses","1.20","1.42","1.39","1.36","1.01","Other Operating Expenses","1.20","0.60","0.77","0.93","1.16","1.41","1.80","2.02","72"
"132","  Overhead Less Non-Interest Income","1.27","1.33","1.30","1.59","1.25","Overhead Less Non-Interest Income","1.26","-0.60","-0.08","0.82","1.41","1.72","2.09","2.27","72"
"142","PERCENT OF ADJUSTED OPERATING INCOME (TE):",NA,NA,NA,NA,NA," PERCENT OF ADJUSTED OPERATING INCOME (TE):","","","","","",NA,NA,NA,NA
"152","  Total Overhead Expense","64.65","71.16","72.69","73.74","63.26","Total Overhead Expense","64.65","47.40","50.17","57.82","65.08","72.49","77.15","81.27","72"
"162","Personnel Expense","31.27","31.70","31.45","32.35","32.37","Personnel Expense","31.27","17.18","19.44","25.85","32.31","36.99","38.81","40.95","72"
"172","Net Occupancy Expense","7.95","8.36","8.41","8.80","8.56","Net Occupancy Expense","7.95","3.06","4.80","6.39","7.67","9.23","11.52","12.33","72"
"182","Other Operating Expenses","24.91","30.51","32.61","32.19","22.08","Other Operating Expenses","24.90","15.41","18.33","21.02","24.08","28.20","32.51","39.65","72"
"192","  Total Non-Interest Income","34.96","37.46","36.93","31.80","33.62","Total Non-Interest Income","34.96","7.64","13.97","23.64","32.33","45.14","58.29","75.70","72"
"202","Fiduciary Activities Income","3.20","3.19","3.21","4.61","4.52","Fiduciary Activities Income","3.20","0.00","0.00","0.23","1.53","3.93","7.58","31.04","72"
"213","Serv Charges on Deposit Accts - Domestic","6.60","7.11","7.38","7.75","7.59","Serv Charges on Deposit Accts - Domestic","6.59","0.00","0.75","3.42","6.94","9.51","10.87","13.47","72"
"222","Trading Revenue","1.59","1.88","1.69","0.31","0.20","Trading Revenue","1.59","-0.11","-0.03","0.00","0.36","1.74","6.17","11.00","72"
"232","Investment Banking Fees & Commissions","2.65","2.76","3.00","3.10","3.28","Investment Banking Fees & Commissions","2.64","0.00","0.10","0.97","1.83","2.75","9.03","11.09","72"
"242","Venture Capital Revenue","0.14","-0.09","-0.06","-0.02","0.23","Venture Capital Revenue","0.14","-0.11","-0.00","0.00","0.00","0.10","0.66","1.61","72"
"252","Net Servicing Fees","0.91","1.42","1.75","0.71","0.82","Net Servicing Fees","0.90","-1.14","-0.04","0.00","0.11","1.32","4.53","6.72","72"
"262","Net Securitization Income","0.00","0.09","0.13","0.17","0.31","Net Securitization Income","0.00","-0.00","0.00","0.00","0.00","0.00","0.00","0.02","72"
"272","Insurance Activities Revenue","0.93","1.02","1.08","0.98","1.21","Insurance Activities Revenue","0.92","0.00","0.00","0.07","0.37","1.38","2.76","5.36","72"
"282","Net Gain (Loss) - Sales Loans, OREO, Oth","0.29","0.21","-0.18","0.25","0.97","Net Gain (Loss) - Sales Loans, OREO, Oth","0.29","-7.31","-3.40","-1.03","0.12","1.13","3.73","9.30","72"
"292","Other Non-Interest Income","12.97","13.41","14.89","11.68","11.14","Other Non-Interest Income","12.96","1.07","3.38","8.39","11.07","15.68","26.49","39.43","72"
"302","  Overhead Less Non-Interest Income","29.29","33.45","34.67","41.37","29.35","Overhead Less Non-Interest Income","29.28","-7.92","-1.65","18.48","28.89","44.36","54.27","62.93","72"
"313","TAX RATIOS:",NA,NA,NA,NA,NA," TAX RATIOS:","","","","","",NA,NA,NA,NA
"322","  Appl Inc Taxes/Pretax NOI (TE)","21.24","19.06","23.39","24.01","28.98","Appl Inc Taxes/Pretax NOI (TE)","21.24","-52.63","-4.87","12.79","26.05","32.44","36.61","37.82","56"
"332","  Appl Inc Tax+TE/Pretax NOI+TE","29.37","30.59","30.98","31.44","32.86","Appl Inc Tax+TE/Pretax NOI+TE","29.37","-12.39","8.94","23.72","31.91","36.42","38.31","42.12","56"
"214","Real Estate Loans","35.59","38.05","37.28","40.98","40.85"," Real Estate Loans","35.58","0.25","5.92","22.49","39.55","47.05","53.47","55.79","72"
"314","Commercial and Industrial Loans","11.57","12.74","12.16","13.26","12.72"," Commercial and Industrial Loans","11.57","0.31","2.17","8.09","11.05","14.73","20.95","23.53","72"
"410","Loans to Individuals","5.77","5.44","5.35","4.89","5.33"," Loans to Individuals","5.77","0.07","0.15","1.34","3.76","8.81","14.00","24.17","72"
"54","Loans to Depository Institutions","0.06","0.05","0.05","0.08","0.09"," Loans to Depository Institutions","0.06","0.00","0.00","0.00","0.00","0.06","0.28","0.69","72"
"63","Agricultural Loans","0.17","0.17","0.17","0.19","0.21"," Agricultural Loans","0.17","0.00","0.00","0.00","0.04","0.28","0.67","0.85","72"
"73","Other Loans and Leases","3.16","3.13","3.19","3.01","3.26"," Other Loans and Leases","3.16","0.06","0.44","1.31","2.75","4.29","6.74","9.28","72"
"83","Net Loans and Leases","58.28","60.80","59.72","63.39","63.84","Net Loans and Leases","58.27","24.27","34.56","44.69","61.78","67.64","71.32","72.48","72"
"93","Debt Securities Over 1 Year","15.67","14.20","15.08","13.34","13.05"," Debt Securities Over 1 Year","15.66","3.01","4.67","9.92","13.53","20.34","29.76","38.41","72"
"103","Mutual Funds and Equity Securities","0.15","0.23","0.19","0.17","0.24"," Mutual Funds and Equity Securities","0.15","0.00","0.00","0.01","0.09","0.18","0.46","1.00","72"
"113","Subtotal","74.99","75.85","75.80","77.57","77.93","Subtotal","74.98","40.81","47.73","71.74","77.34","82.56","86.99","89.02","72"
"123","Interest-Bearing Bank Balances","4.57","4.38","4.50","2.92","0.50"," Interest-Bearing Bank Balances","4.57","0.06","0.20","1.25","3.07","7.61","12.70","15.55","72"
"133","Federal Funds Sold & Reverse Repos","1.07","0.69","0.76","0.80","2.24"," Federal Funds Sold & Reverse Repos","1.07","0.00","0.00","0.00","0.19","0.85","3.59","12.23","72"
"143","Debt Securities 1 Year or Less","3.04","3.23","3.00","3.10","3.17"," Debt Securities 1 Year or Less","3.03","0.01","0.21","0.88","1.91","3.89","7.64","15.99","72"
"153","Trading Assets","1.25","1.08","0.95","1.33","1.34"," Trading Assets","1.25","0.00","0.00","0.00","0.33","1.09","4.83","12.90","72"
"163","Total Earning Assets","87.37","87.80","87.52","87.74","87.60","Total Earning Assets","87.36","77.81","82.22","84.88","87.13","89.96","92.22","92.81","72"
"173","Non-Int Cash and Due From Dep Inst","1.47","1.56","1.72","1.92","2.28"," Non-Int Cash and Due From Dep Inst","1.47","0.63","0.79","1.07","1.31","1.56","2.57","3.86","72"
"183","Other Real Estate Owned","0.37","0.28","0.32","0.22","0.10"," Other Real Estate Owned","0.37","0.00","0.04","0.13","0.28","0.62","0.79","0.83","72"
"193","All Other Assets","11.06","10.53","10.71","10.18","9.97"," All Other Assets","11.06","5.28","5.74","8.22","10.89","13.63","15.98","19.11","72"
"203","MEMORANDA:",NA,NA,NA,NA,NA," MEMORANDA:","","","","","","",NA,NA,NA
"215","  Short-Term Investments","10.15","9.73","9.57","7.95","6.96","Short-Term Investments","10.14","1.40","1.70","4.09","7.22","14.20","24.19","36.87","72"
"223","  U.S. Treasury Securities","0.76","0.56","0.63","0.13","0.14","U.S. Treasury Securities","0.76","0.00","0.00","0.00","0.10","1.16","3.61","4.13","72"
"233","  U.S. Agency Securities (excl MBS)","1.97","1.98","1.70","1.85","2.38","U.S. Agency Securities (excl MBS)","1.97","0.00","0.00","0.06","0.75","3.28","6.16","10.92","72"
"243","  Municipal Securities","1.36","1.27","1.26","1.18","1.13","Municipal Securities","1.35","0.00","0.01","0.15","0.88","2.24","3.71","4.87","72"
"253","  Mortgage-Backed Securities","11.50","10.68","11.59","10.52","9.64","Mortgage-Backed Securities","11.49","0.15","0.79","6.22","10.25","16.02","24.29","35.01","72"
"263","  Asset-Backed Securities","0.54","0.72","0.62","0.39","0.35","Asset-Backed Securities","0.54","0.00","0.00","0.00","0.01","0.62","2.16","5.52","72"
"273","  Other Debt Securities","1.09","0.91","0.84","0.56","0.75","Other Debt Securities","1.09","0.00","0.00","0.01","0.22","1.31","4.68","7.63","72"
"283","  RE Loans Secured by 1-4 Family","14.97","14.48","15.14","15.77","16.28","RE Loans Secured by 1-4 Family","14.97","0.04","2.18","8.77","14.91","20.08","24.86","29.78","72"
"293","Revolving","4.23","4.20","4.21","4.04","3.71","Revolving","4.22","0.00","0.10","1.48","3.70","5.99","9.56","10.68","72"
"303","Closed-End, Sec by First Liens","9.35","8.87","9.38","9.83","10.54","Closed-End, Sec by First Liens","9.34","0.03","1.40","4.69","9.16","12.81","17.17","20.15","72"
"315","Closed-End, Sec by Junior Liens","1.17","1.25","1.30","1.48","1.76","Closed-End, Sec by Junior Liens","1.16","0.00","0.00","0.32","1.03","1.58","2.43","3.69","72"
"323","  Commercial Real Estate Loans","18.63","21.10","19.90","22.89","22.23","Commercial Real Estate Loans","18.63","0.21","0.88","10.32","17.41","28.22","37.46","40.58","72"
"333","Construction and Land Dev","3.91","6.03","5.31","7.50","8.05","Construction and Land Dev","3.91","0.00","0.11","1.24","3.36","5.96","9.35","10.12","72"
"342","Multifamily","1.65","1.70","1.61","1.57","1.35","Multifamily","1.65","0.00","0.06","0.69","1.36","2.28","4.35","4.89","72"
"352","Nonfarm Nonresidential","12.27","12.68","12.27","13.00","11.82","Nonfarm Nonresidential","12.26","0.02","0.61","7.10","11.78","19.06","24.15","26.56","72"
"362","  RE Loans Secured by Farmland","0.34","0.35","0.34","0.31","0.27","RE Loans Secured by Farmland","0.33","0.00","0.00","0.00","0.14","0.42","1.46","1.92","72"
"372","LOAN MIX, % OF GROSS LOANS & LEASES:",NA,NA,NA,NA,NA," LOAN MIX, % OF GROSS LOANS & LEASES:","","","","","","",NA,NA,NA
"382","  Real Estate Loans","58.54","59.26","59.52","62.22","62.09","Real Estate Loans","58.53","3.74","20.14","47.63","63.54","72.15","78.72","82.87","72"
"392","RE Loans Secured by 1-4 Family","25.51","23.60","25.20","24.64","25.69","RE Loans Secured by 1-4 Family","25.51","0.05","6.73","15.10","24.73","34.17","45.86","49.67","72"
"402","Revolving","7.02","6.66","6.85","6.18","5.64","Revolving","7.01","0.00","0.24","2.31","5.79","11.16","14.60","16.47","72"
"412","Closed-End","17.94","16.59","17.81","17.87","19.66","Closed-End","17.94","0.04","4.19","9.61","18.22","24.29","32.62","37.54","72"
"422","Commercial Real Estate Loans","29.72","31.74","30.67","34.15","33.44","Commercial Real Estate Loans","29.71","1.06","3.40","16.65","30.42","40.74","54.55","61.21","72"
"431","Construction and Land Dev","6.18","8.98","8.06","11.06","11.93","Construction and Land Dev","6.18","0.07","0.65","2.18","5.82","9.23","13.37","15.37","72"
"441","Multifamily","2.71","2.65","2.57","2.40","2.05","Multifamily","2.70","0.00","0.33","1.05","2.19","3.90","5.90","9.17","72"
"451","Nonfarm Nonresidential","19.51","19.03","18.99","19.31","17.83","Nonfarm Nonresidential","19.51","0.24","1.84","11.79","18.60","28.58","33.92","38.88","72"
"461","RE Loans Secured by Farmland","0.57","0.54","0.54","0.46","0.40","RE Loans Secured by Farmland","0.56","0.00","0.00","0.00","0.22","0.63","2.40","3.61","72"
"471","  Loans to Depository Institutions","0.13","0.09","0.11","0.15","0.20","Loans to Depository Institutions","0.13","0.00","0.00","0.00","0.00","0.11","0.63","1.76","72"
"481","  Commercial and Industrial Loans","19.37","20.49","19.88","20.85","19.88","Commercial and Industrial Loans","19.37","1.18","7.71","13.43","17.37","23.69","34.80","41.45","72"
"491","  Loans to Individuals","10.00","8.98","9.04","7.80","8.39","Loans to Individuals","9.99","0.17","0.43","2.71","6.85","13.97","28.32","36.41","72"
"50","Credit Card Loans","2.40","1.49","1.52","1.21","1.26","Credit Card Loans","2.39","0.00","0.00","0.00","0.09","1.65","13.13","26.15","72"
"511","  Agricultural Loans","0.28","0.27","0.27","0.29","0.31","Agricultural Loans","0.28","0.00","0.00","0.00","0.11","0.45","1.15","1.41","72"
"52","  Loans to Foreign Govts and Inst","0.00","0.01","0.01","0.00","0.00","Loans to Foreign Govts and Inst","0.00","0.00","0.00","0.00","0.00","0.00","0.02","0.06","72"
"53","  Other Loans and Leases","6.12","6.01","6.20","5.08","5.48","Other Loans and Leases","6.11","0.09","0.79","2.13","4.33","8.08","13.03","28.87","72"
"216","Short-Term Investments","10.15","9.73","9.57","7.95","6.96"," Short-Term Investments","10.14","1.40","1.70","4.09","7.22","14.20","24.19","36.87","72"
"316","Liquid Assets","25.19","23.11","24.15","21.51","19.49"," Liquid Assets","25.19","10.98","13.67","15.74","21.08","30.39","44.80","52.28","72"
"413","Investment Securities","19.73","18.52","19.11","17.16","17.00"," Investment Securities","19.72","8.02","9.51","12.35","16.59","24.29","40.45","43.64","72"
"55","Net Loans and Leases","58.28","60.80","59.72","63.39","63.84"," Net Loans and Leases","58.27","24.27","34.56","44.69","61.78","67.64","71.32","72.48","72"
"64","Net Lns, Ls & Stdby Ltrs of Credit","60.73","63.68","62.44","66.40","66.90"," Net Lns, Ls & Stdby Ltrs of Credit","60.73","28.46","39.69","47.40","63.91","70.31","73.58","76.06","72"
"74","Core Deposits","53.47","49.17","51.08","46.50","46.33"," Core Deposits","53.46","9.55","14.42","45.21","58.61","65.61","70.17","75.91","72"
"84","Noncore Funding","28.89","34.07","32.60","37.61","37.91"," Noncore Funding","28.89","8.89","14.77","17.20","23.11","37.82","61.65","63.74","72"
"94","Time Deposits of $100K or More","7.24","8.23","7.50","9.21","10.08"," Time Deposits of $10,0K or More","7.23","0.96","2.12","3.92","5.85","9.04","15.92","18.69","72"
"104","Foreign Deposits","1.82","2.17","2.14","2.28","3.12"," Foreign Deposits","1.82","0.00","0.00","0.00","0.42","2.08","5.36","20.59","72"
"114","Fed Funds Purchased and Repos","4.01","4.45","4.43","5.81","7.30"," Fed Funds Purchased and Repos","4.00","0.00","0.00","0.83","2.88","8.15","12.00","13.23","72"
"124","Net Fed Funds Purchased (Sold)","2.64","3.48","3.39","4.62","4.96"," Net Fed Funds Purchased (Sold)","2.63","-2.65","-0.64","0.07","1.29","5.06","8.43","11.54","72"
"134","Commercial Paper","0.15","0.12","0.12","0.28","0.48"," Commercial Paper","0.14","0.00","0.00","0.00","0.00","0.00","0.90","1.81","72"
"144","Oth Borrowings W/Rem Mat 1 Yr or Less","2.76","3.91","3.36","5.61","4.77"," Oth Borrowings W/Rem Mat 1 Yr or Less","2.76","0.04","0.19","0.79","2.38","4.32","6.83","9.06","72"
"154","Earning Assets Repr in 1 Year","42.93","43.83","42.91","44.44","43.47"," Earning Assets Repr in 1 Year","42.92","17.79","22.59","32.67","44.18","51.19","58.97","66.45","72"
"164","Int-Bearing Liab Repr in 1 Year","15.97","21.63","19.49","23.53","22.78"," Int-Bearing Liab Repr in 1 Year","15.96","2.79","4.95","8.13","12.41","20.73","36.74","45.98","72"
"174","Long-Term Debt Repr in 1 Year","2.12","2.08","1.97","2.02","2.17"," Long-Term Debt Repr in 1 Year","2.11","0.00","0.00","0.00","0.86","3.26","8.68","13.45","72"
"184","Net Assets Repriceable in 1 Year","23.35","19.13","20.25","17.90","17.10"," Net Assets Repriceable in 1 Year","23.35","-5.46","0.76","12.61","23.23","33.58","42.56","48.31","72"
"194","OTHER LIQUIDITY AND FUNDING RATIOS:",NA,NA,NA,NA,NA," OTHER LIQUIDITY AND FUNDING RATIOS:","","","",NA,NA,NA,NA,NA,NA
"204","Net Noncore Funding Dependence","25.48","31.83","30.34","37.21","41.10"," Net Noncore Funding Dependence","25.48","-9.25","0.86","11.88","21.41","35.87","60.73","69.77","72"
"217","Net ST Noncore Funding Dependence","5.73","11.71","9.95","22.32","26.17"," Net ST Noncore Funding Dependence","5.72","-54.41","-24.72","2.84","8.77","14.48","19.81","23.92","72"
"224","Short-Term Inv/ST Noncore Funding","68.80","51.52","55.40","31.65","25.06"," Short-Term Inv/ST Noncore Funding","68.80","10.81","12.11","22.13","58.09","82.69","184.61","215.10","72"
"234","Liq Asts-ST Noncore Fndg/Nonliq Asts","14.47","4.63","8.33","-3.84","-8.27"," Liq Asts-ST Noncore Fndg/Nonliq Asts","14.46","-14.01","-6.38","2.09","10.08","25.12","45.55","66.81","72"
"244","Net Loans and Leases/Total Deposits","88.37","92.10","89.66","99.38","101.86"," Net Loans and Leases/Total Deposits","88.37","42.54","50.55","74.06","87.32","95.79","114.93","181.60","72"
"254","Net Loans and Leases/Core Deposits","121.87","142.41","140.58","150.98","154.70"," Net Loans and Leases/Core Deposits","121.87","52.00","64.66","90.80","107.94","127.02","200.57","390.02","72"
"264","Held-To-Mat Sec Appr(Depr)/T1 Cap","0.71","0.00","0.11","-0.66","-0.09"," Held-To-Mat Sec Appr(Depr)/T1 Cap","0.71","-1.30","-0.94","0.00","0.02","1.19","3.03","6.42","45"
"274","Avail-For-Sale Sec Appr(Depr)/T1 Cap","4.49","1.94","0.97","-4.29","-1.37"," Avail-For-Sale Sec Appr(Depr)/T1 Cap","4.48","-2.36","-0.04","1.73","3.71","6.66","12.06","14.62","72"
"284","Struct Notes Appr(Depr)/T1 Cap","0.04","0.00","-0.02","0.01","-0.01"," Struct Notes Appr(Depr)/T1 Cap","0.03","-0.57","-0.35","-0.00","0.00","0.13","0.20","0.24","22"
"294","PERCENT OF INVESTMENT SECURITIES:",NA,NA,NA,NA,NA," PERCENT OF INVESTMENT SECURITIES:","","","",NA,NA,NA,NA,NA,NA
"304","Held-To-Maturity Securities","4.88","6.27","5.35","5.54","6.07"," Held-To-Maturity Securities","4.87","0.00","0.00","0.00","0.29","6.56","17.91","48.46","72"
"317","Available-For-Sale Securities","95.12","93.73","94.65","94.46","93.93"," Available-For-Sale Securities","95.12","41.21","80.58","93.05","99.61","100.00","100.00","100.00","72"
"324","U.S. Treasury Securities","4.70","2.80","3.48","1.09","1.15"," U.S. Treasury Securities","4.69","0.00","0.00","0.01","0.76","8.83","20.16","24.36","72"
"334","U.S. Agency Securities (excl MBS)","11.39","11.51","10.28","11.58","14.07"," U.S. Agency Securities (excl MBS)","11.39","0.00","0.00","0.51","4.11","25.40","32.94","45.91","72"
"343","Municipal Securities","7.27","6.92","6.77","7.25","6.70"," Municipal Securities","7.26","0.00","0.06","1.06","4.31","12.47","19.81","24.80","72"
"353","Mortgage-Backed Securities","57.17","58.09","59.41","63.84","60.58"," Mortgage-Backed Securities","57.16","3.09","11.35","30.17","61.26","80.54","90.32","96.05","72"
"363","Asset-Backed Securities","3.54","4.22","3.88","2.89","2.79"," Asset-Backed Securities","3.54","0.00","0.00","0.00","0.09","4.89","12.81","27.09","72"
"373","Other Debt Securities","6.50","5.51","5.16","3.86","5.41"," Other Debt Securities","6.50","0.00","0.00","0.06","1.54","9.23","23.60","37.26","72"
"383","Mutual Funds and Equity Securities","1.02","1.65","1.42","1.39","1.84"," Mutual Funds and Equity Securities","1.01","0.00","0.00","0.12","0.50","1.55","3.73","6.41","72"
"393","Debt Securities 1 Year or Less","17.21","17.40","16.87","18.06","17.41"," Debt Securities 1 Year or Less","17.20","0.18","1.61","4.59","9.60","25.38","47.88","64.05","72"
"403","Debt Securities 1 To 5 Years","26.27","22.25","23.81","18.00","19.34"," Debt Securities 1 To 5 Years","26.26","1.14","2.78","9.22","18.44","44.16","59.83","69.59","72"
"414","Debt Securities Over 5 Years","51.37","54.19","52.93","59.42","57.87"," Debt Securities Over 5 Years","51.36","3.43","13.16","23.45","53.45","77.15","90.15","94.70","72"
"423","Pledged Securities","52.06","53.00","53.93","66.91","63.70"," Pledged Securities","52.06","15.27","21.41","33.45","51.91","68.03","76.58","89.17","72"
"432","Structured Notes, Fair Value","0.45","0.43","0.31","0.27","0.32"," Structured Notes, Fair Value","0.45","0.00","0.00","0.00","0.00","0.05","3.43","4.70","72"
"218","Provision for Ln&Ls Losses/Avg Assets","1.23","1.97","1.96","1.20","0.36"," Provision for Ln&Ls Losses/Avg Assets","1.23","0.12","0.23","0.41","1.12","1.72","2.79","3.18","72"
"318","Provision for Ln&Ls Losses/Avg Lns&Ls","1.97","3.02","3.07","1.79","0.56"," Provision for Ln&Ls Losses/Avg Lns&Ls","1.96","0.32","0.47","0.96","1.70","2.87","4.16","4.73","72"
"415","Provision for Ln&Ls Losses/Net Losses","105.39","141.41","140.04","170.76","153.53"," Provision for Ln&Ls Losses/Net Losses","105.38","52.60","59.17","85.61","101.73","118.25","159.10","177.22","71"
"56","Ln&Ls Allowance/Total Loans & Leases","2.81","2.69","2.80","1.84","1.22"," Ln&Ls Allowance/Total Loans & Leases","2.80","0.70","1.17","1.63","2.61","3.73","4.78","5.51","72"
"65","Ln&Ls Allowance/Net Ln&Ls Losses (X)","1.70","1.46","1.52","2.52","5.86"," Ln&Ls Allowance/Net Ln&Ls Losses (X)","1.69","0.74","0.87","1.08","1.38","2.30","3.15","3.81","71"
"75","ALLL/Nonaccrual Assets","95.33","88.94","92.92","115.68","193.95"," ALLL/Nonaccrual Assets","95.32","22.70","36.04","62.35","84.42","114.29","164.77","301.93","71"
"85","Ln&Ls Allow/90+ Days PD+Nonaccr Ln&Ls","75.46","69.81","72.79","87.10","136.12"," Ln&Ls Allow/90+ Days PD+Nonaccr Ln&Ls","75.46","18.99","30.91","48.80","67.92","89.89","148.31","198.26","71"
"95","Gross Ln&Ls Losses/Avg Loans & Leases","2.30","2.36","2.47","1.18","0.47"," Gross Ln&Ls Losses/Avg Loans & Leases","2.30","0.21","0.45","1.11","1.72","3.51","5.06","6.22","72"
"105","Recoveries/Avg Loans and Leases","0.20","0.12","0.13","0.08","0.08"," Recoveries/Avg Loans and Leases","0.19","0.01","0.03","0.09","0.16","0.28","0.42","0.55","72"
"115","Net Losses/Avg Loans and Leases","2.09","2.23","2.33","1.10","0.38"," Net Losses/Avg Loans and Leases","2.09","0.18","0.39","0.90","1.59","3.23","4.86","5.40","72"
"125","Write-downs, Trans Lns HFS/Avg Lns&Ls","0.03","0.01","0.02","0.03","0.00"," Write-downs, Trans Lns HFS/Avg Lns&Ls","0.02","0.00","0.00","0.00","0.00","0.00","0.19","0.33","72"
"135","Recoveries/Prior Year-End Losses","6.83","8.12","13.00","21.90","30.58"," Recoveries/Prior Year-End Losses","6.82","1.96","2.58","4.18","6.15","8.45","13.32","14.40","70"
"145","Earnings Coverage of Net Losses (X)","2.50","1.60","1.67","2.24","13.40"," Earnings Coverage of Net Losses (X)","2.49","0.21","0.45","0.92","1.42","3.75","7.30","9.73","71"
"155","NET LOAN AND LEASE LOSSES BY TYPE",NA,NA,NA,NA,NA," NET LOAN AND LEASE LOSSES BY TYPE","","","","","",NA,NA,NA,NA
"175","Real Estate Loans","2.12","2.09","2.21","0.97","0.18"," Real Estate Loans","2.11","0.09","0.31","0.75","1.77","3.02","4.52","6.12","71"
"185","  RE Loans Secured By 1-4 Family","1.44","1.36","1.40","0.61","0.18","RE Loans Secured By 1-4 Family","1.43","0.02","0.15","0.44","1.27","2.22","3.55","3.66","69"
"195","Revolving","1.42","1.43","1.66","0.72","0.24","Revolving","1.42","0.00","0.00","0.28","1.07","2.08","4.13","5.22","68"
"205","Closed-End","1.45","1.39","1.41","0.54","0.15","Closed-End","1.44","0.02","0.09","0.37","0.99","2.25","3.50","4.37","69"
"219","  Commercial Real Estate Loans","2.61","2.61","2.83","1.13","0.14","Commercial Real Estate Loans","2.60","0.00","0.28","0.83","1.67","3.98","6.54","7.99","71"
"225","Construction and Land Dev","6.47","5.77","6.70","2.87","0.25","Construction and Land Dev","6.47","0.00","0.04","2.09","4.89","8.63","15.46","19.94","71"
"235","Multifamily","1.17","1.07","1.09","0.36","0.07","Multifamily","1.16","-0.02","0.00","0.00","0.69","1.72","3.55","5.76","68"
"245","Nonfarm Nonresidential","1.36","0.83","0.98","0.23","0.06","Nonfarm Nonresidential","1.36","0.00","0.01","0.39","0.99","2.10","3.36","5.02","71"
"255","  RE Loans Secured by Farmland","0.61","0.26","0.41","0.09","0.02","RE Loans Secured by Farmland","0.60","-0.05","0.00","0.00","0.10","0.63","2.71","6.78","61"
"265","Commercial and Industrial Loans","1.61","2.38","2.42","0.82","0.32"," Commercial and Industrial Loans","1.60","0.00","0.22","0.73","1.18","2.21","3.74","5.21","72"
"275","Loans to Depository Institutions","0.09","0.25","0.04","0.00","0.00"," Loans to Depository Institutions","0.09","-0.01","0.00","0.00","0.00","0.00","0.04","2.17","42"
"285","Loans to Individuals","2.86","3.34","3.38","2.01","1.30"," Loans to Individuals","2.85","0.27","0.49","1.28","2.40","3.86","7.03","8.26","67"
"295","  Credit Card Loans","6.10","6.30","5.73","8.43","2.91","Credit Card Loans","6.09","-2.36","0.00","2.98","6.39","8.98","11.58","12.77","50"
"305","Agricultural Loans","0.42","0.29","0.39","0.09","0.11"," Agricultural Loans","0.42","-0.12","-0.03","0.00","0.00","0.55","2.00","3.39","60"
"319","Loans to Foreign Governments & Inst","-0.02","-0.06","0.00","0.05","-0.24"," Loans to Foreign Governments & Inst","-0.01","-0.29","-0.17","0.00","0.00","0.00","0.00","0.02","14"
"325","Other Loans and Leases","0.70","1.10","1.44","0.54","0.27"," Other Loans and Leases","0.70","-0.00","0.00","0.05","0.51","1.33","1.86","2.16","72"
"220","30-89 Days PD Loans and Leases","1.25","1.46","1.51","1.58","1.03"," 30,-89 Days PD Loans and Leases","1.24","0.37","0.60","0.76","1.11","1.50","2.25","2.81","72"
"320","90+ Days PD Loans and Leases","0.79","0.60","0.66","0.35","0.21"," 90+ Days PD Loans and Leases","0.79","0.00","0.02","0.15","0.46","1.14","2.54","3.33","72"
"416","Nonaccrual Loans and Leases","3.49","3.69","3.76","2.16","0.94"," Nonaccrual Loans and Leases","3.49","0.76","0.95","1.80","2.84","4.46","7.15","11.56","72"
"57","90+ Days PD and Nonaccrual Loans and Leases","4.44","4.38","4.50","2.58","1.22"," 90+ Days PD and Nonaccrual Loans and Leases","4.43","0.93","1.24","2.53","3.63","5.70","8.57","12.62","72"
"66","30-89 Days PD Restructured","0.04","0.02","0.04","0.02","0.00"," 30,-89 Days PD Restructured","0.04","0.00","0.00","0.00","0.01","0.07","0.17","0.21","72"
"76","90+ Days PD Restructured","0.01","0.01","0.01","0.00","0.00"," 90+ Days PD Restructured","0.01","0.00","0.00","0.00","0.00","0.01","0.07","0.12","72"
"86","Nonaccrual Restructured","0.45","0.20","0.30","0.09","0.01"," Nonaccrual Restructured","0.45","0.00","0.01","0.16","0.31","0.64","0.95","1.57","72"
"96","PERCENT OF LNS&LS + OTHER ASSETS",NA,NA,NA,NA,NA," PERCENT OF LNS&LS + OTHER ASSETS","","","","",NA,NA,NA,NA,NA
"106","30+ DAYS PAST DUE AND NONACCRUAL",NA,NA,NA,NA,NA," 30+ DAYS PAST DUE AND NONACCRUAL","","","","",NA,NA,NA,NA,NA
"126","30-89 Days Past Due Assets","1.25","1.48","1.52","1.58","1.03"," 30,-89 Days Past Due Assets","1.25","0.37","0.60","0.76","1.11","1.50","2.29","2.81","72"
"136","90+ Days Past Due Assets","0.80","0.62","0.67","0.35","0.21"," 90+ Days Past Due Assets","0.80","0.00","0.02","0.15","0.46","1.14","2.54","3.33","72"
"146","Nonaccrual Assets","3.52","3.72","3.79","2.18","0.95"," Nonaccrual Assets","3.51","0.76","0.95","1.80","2.88","4.45","7.20","11.66","72"
"156","  30+ Days PD & Nonaccrual Assets","5.79","5.99","6.15","4.24","2.31","30+ Days PD & Nonaccrual Assets","5.78","1.48","2.14","3.51","4.74","7.18","11.68","14.10","72"
"165","PERCENT OF TOTAL ASSETS",NA,NA,NA,NA,NA," PERCENT OF TOTAL ASSETS","","","","",NA,NA,NA,NA,NA
"186","90+ Days PD and Nonaccrual Assets","2.69","2.77","2.82","1.71","0.77"," 90+ Days PD and Nonaccrual Assets","2.68","0.27","0.49","1.35","2.36","3.53","5.24","8.14","72"
"196","90+ PD & Nonaccrual Assets + OREO","3.09","3.11","3.15","1.97","0.90"," 90+ PD & Nonaccrual Assets + OREO","3.08","0.30","0.53","1.57","2.66","4.08","6.00","9.20","72"
"206","RESTRUCTURED & NONACCRUAL LNS&LS",NA,NA,NA,NA,NA," RESTRUCTURED & NONACCRUAL LNS&LS","","","","",NA,NA,NA,NA,NA
"2110","+ REAL ESTATE ACQUIRED AS PERCENT OF:",NA,NA,NA,NA,NA," + REAL ESTATE ACQUIRED AS PERCENT OF:","","","","",NA,NA,NA,NA,NA
"236","Total Assets","3.01","2.93","2.98","1.68","0.73"," Total Assets","3.01","0.28","0.50","1.53","2.59","4.14","6.48","8.43","72"
"246","Allowance for Loan & Lease Losses","192.55","180.39","178.10","140.34","89.96"," Allowance for Loan & Lease Losses","192.55","39.14","80.80","128.56","171.54","236.53","341.38","526.54","72"
"256","Equity Cap + ALLL","24.35","27.27","27.35","16.99","7.74"," Equity Cap + ALLL","24.34","2.55","4.40","12.30","21.39","31.39","55.19","78.12","72"
"266","Tier 1 Cap + ALLL","28.23","29.76","30.00","18.12","8.93"," Tier 1 Cap + ALLL","28.23","3.47","5.86","16.70","25.83","36.91","53.35","73.88","72"
"276","Loans & Leases + RE Acquired","4.88","4.52","4.67","2.56","1.14"," Loans & Leases + RE Acquired","4.88","1.07","1.41","2.86","4.08","6.21","9.19","14.25","72"
"226","Real Estate  - 30-89 Days PD","1.41","1.63","1.74","1.78","1.13"," Real Estate  - 30,-89 Days PD","1.40","0.20","0.48","0.81","1.25","1.94","2.51","3.32","71"
"326","- 90+ Days Past Due","1.02","0.65","0.74","0.36","0.20","- 90+ Days Past Due","1.01","0.00","0.00","0.09","0.47","1.28","4.53","5.66","71"
"417","- Nonaccrual","5.36","5.19","5.49","2.85","1.23","- Nonaccrual","5.36","0.94","1.34","2.68","4.53","6.51","13.20","15.71","71"
"58","Coml & Indl  - 30-89 Days PD","0.76","0.87","0.88","0.87","0.64"," Coml & Indl  - 30,-89 Days PD","0.76","0.00","0.09","0.34","0.57","0.95","1.66","2.74","72"
"67","- 90+ Days Past Due","0.20","0.17","0.16","0.11","0.08","- 90+ Days Past Due","0.19","0.00","0.00","0.01","0.11","0.29","0.58","1.27","72"
"77","- Nonaccrual","2.34","2.66","2.49","1.15","0.50","- Nonaccrual","2.33","0.18","0.43","0.94","1.85","2.85","5.73","9.99","72"
"87","Individuals  - 30-89 Days PD","1.79","2.16","2.20","2.04","1.65"," Individuals  - 30,-89 Days PD","1.79","0.02","0.32","1.00","1.74","2.41","3.30","4.48","72"
"97","- 90+ Days Past Due","0.63","0.53","0.62","0.41","0.29","- 90+ Days Past Due","0.62","0.00","0.00","0.04","0.30","1.10","2.07","2.96","72"
"107","- Nonaccrual","0.46","0.64","0.62","0.37","0.24","- Nonaccrual","0.45","0.00","0.00","0.04","0.31","0.70","1.65","2.25","72"
"116","Dep Inst Lns - 30-89 Days PD","0.00","0.00","0.12","0.02","0.02"," Dep Inst Lns - 30,-89 Days PD","0.00","0.00","0.00","0.00","0.00","0.00","0.00","0.01","42"
"127","- 90+ Days Past Due","0.00","0.00","0.00","0.00","0.01","- 90+ Days Past Due","0.00","0.00","0.00","0.00","0.00","0.00","0.00","0.00","42"
"137","- Nonaccrual","0.00","0.20","0.17","0.02","0.00","- Nonaccrual","0.00","0.00","0.00","0.00","0.00","0.00","0.02","0.05","42"
"147","Agricultural - 30-89 Days PD","0.45","0.58","0.76","0.47","0.28"," Agricultural - 30,-89 Days PD","0.44","0.00","0.00","0.00","0.18","0.63","1.88","2.39","60"
"157","- 90+ Days Past Due","0.04","0.04","0.04","0.02","0.02","- 90+ Days Past Due","0.03","0.00","0.00","0.00","0.00","0.01","0.21","0.55","60"
"166","- Nonaccrual","1.91","1.19","1.64","0.78","0.43","- Nonaccrual","1.91","0.00","0.00","0.00","0.48","2.42","8.27","13.27","60"
"176","Foreign Govts- 30-89 Days PD","0.00","0.00","7.14","0.18","0.29"," Foreign Govts- 30,-89 Days PD","0.00","0.00","0.00","0.00","0.00","0.00","0.00","0.00","14"
"187","- 90+ Days Past Due","0.00","7.14","0.39","0.00","0.00","- 90+ Days Past Due","0.00","0.00","0.00","0.00","0.00","0.00","0.00","0.00","14"
"197","- Nonaccrual","0.82","0.00","0.00","0.07","0.00","- Nonaccrual","0.81","0.00","0.00","0.00","0.00","0.00","0.00","3.44","14"
"207","Other Lns&Ls - 30-89 Days PD","0.40","0.63","0.66","0.69","0.59"," Other Lns&Ls - 30,-89 Days PD","0.40","0.00","0.00","0.07","0.28","0.73","1.08","1.50","72"
"2111","- 90+ Days Past Due","0.11","0.07","0.07","0.07","0.03","- 90+ Days Past Due","0.10","0.00","0.00","0.00","0.01","0.08","0.57","1.06","72"
"227","- Nonaccrual","0.85","1.14","1.07","0.49","0.23","- Nonaccrual","0.85","0.00","0.00","0.11","0.56","1.36","2.98","3.10","72"
"237","MEMORANDA:",NA,NA,NA,NA,NA," MEMORANDA:","","","","","",NA,NA,NA,NA
"247","1-4 Family- 30-89 Days PD","1.49","1.65","1.81","1.86","1.17"," 1-4 Family- 30,-89 Days PD","1.49","0.14","0.51","0.93","1.29","2.03","2.89","3.72","69"
"257","- 90+ Days Past Due","1.02","0.77","0.90","0.45","0.28","- 90+ Days Past Due","1.01","0.00","0.00","0.02","0.42","1.46","4.64","6.75","69"
"267","- Nonaccrual","3.21","2.99","3.33","1.80","0.87","- Nonaccrual","3.20","0.27","0.47","1.11","2.30","4.47","7.70","12.09","69"
"277","  Revolving- 30-89 Days PD","0.93","0.88","0.98","1.02","0.83","Revolving- 30,-89 Days PD","0.92","0.04","0.17","0.43","0.83","1.27","2.00","2.40","68"
"286","- 90+ Days Past Due","0.17","0.17","0.20","0.15","0.10","- 90+ Days Past Due","0.16","0.00","0.00","0.00","0.05","0.27","0.67","0.95","68"
"296","- Nonaccrual","1.31","1.17","1.19","0.78","0.47","- Nonaccrual","1.31","0.02","0.06","0.36","0.83","1.71","3.76","6.15","68"
"306","  Closed-End  - 30-89 Days PD","1.77","2.02","2.20","2.23","1.32","Closed-End  - 30,-89 Days PD","1.77","0.14","0.54","1.01","1.43","2.47","3.60","4.34","69"
"3110","- 90+ Days Past Due","1.36","1.02","1.18","0.56","0.34","- 90+ Days Past Due","1.35","0.00","0.00","0.03","0.49","2.23","5.05","9.03","69"
"327","- Nonaccrual","4.01","3.85","4.20","2.20","1.01","- Nonaccrual","4.01","0.36","0.48","1.64","3.08","5.67","10.09","12.33","69"
"335","-Jr Lien 30-89 Days PD","0.18","0.21","0.22","0.21","0.13","-Jr Lien 30,-89 Days PD","0.18","0.00","0.00","0.06","0.17","0.27","0.47","0.64","69"
"344","-Jr Lien 90+ Days PD","0.05","0.04","0.05","0.03","0.02","-Jr Lien 90+ Days PD","0.04","0.00","0.00","0.00","0.01","0.07","0.18","0.30","69"
"354","-Jr Lien Nonaccrual","0.28","0.25","0.27","0.19","0.09","-Jr Lien Nonaccrual","0.27","0.00","0.00","0.08","0.21","0.43","0.83","0.93","69"
"364","Commercial RE - 30-89 Days PD","1.27","1.51","1.53","1.63","1.03"," Commercial RE - 30,-89 Days PD","1.27","0.00","0.26","0.54","0.94","1.83","2.64","3.55","71"
"374","- 90+ Days Past Due","0.66","0.50","0.43","0.20","0.10","- 90+ Days Past Due","0.65","0.00","0.00","0.02","0.21","0.76","2.47","4.85","71"
"384","- Nonaccrual","7.36","6.89","7.32","3.43","1.34","- Nonaccrual","7.35","1.16","1.65","3.16","6.43","9.87","15.94","19.71","71"
"394","  Const & Dev - 30-89 Days PD","2.09","2.73","2.78","2.97","1.74","Const & Dev - 30,-89 Days PD","2.08","0.00","0.02","0.80","1.72","3.54","5.03","7.28","71"
"404","- 90+ Days Past Due","1.63","0.95","0.81","0.39","0.15","- 90+ Days Past Due","1.63","0.00","0.00","0.00","0.30","2.11","6.98","14.03","71"
"418","- Nonaccrual","17.53","14.96","16.63","7.98","2.55","- Nonaccrual","17.52","1.36","3.49","8.34","14.69","20.82","47.00","52.65","71"
"424","  Multifamily - 30-89 Days PD","1.01","0.99","1.14","1.10","0.77","Multifamily - 30,-89 Days PD","1.01","0.00","0.00","0.14","0.60","1.54","3.43","3.91","68"
"433","- 90+ Days Past Due","0.55","0.27","0.32","0.07","0.04","- 90+ Days Past Due","0.55","0.00","0.00","0.00","0.00","0.40","3.61","6.14","68"
"442","- Nonaccrual","4.46","3.69","3.84","1.94","0.66","- Nonaccrual","4.46","0.00","0.07","1.00","2.95","7.19","11.83","14.43","68"
"452","  Nonfarm Nres- 30-89 Days PD","0.91","1.08","1.07","0.98","0.60","Nonfarm Nres- 30,-89 Days PD","0.91","0.00","0.01","0.42","0.74","1.28","2.49","2.98","71"
"462","- 90+ Days Past Due","0.36","0.21","0.22","0.09","0.05","- 90+ Days Past Due","0.35","0.00","0.00","0.00","0.08","0.55","1.33","2.45","71"
"472","- Nonaccrual","4.53","3.74","4.00","1.27","0.61","- Nonaccrual","4.53","0.29","0.83","2.00","3.59","6.51","10.13","15.14","71"
"482","Farmland- 30-89 Days PD","0.44","0.56","0.80","0.60","0.50"," Farmland- 30,-89 Days PD","0.43","0.00","0.00","0.00","0.22","0.63","1.96","2.72","61"
"492","- 90+ Days Past Due","0.18","0.15","0.12","0.07","0.01","- 90+ Days Past Due","0.17","0.00","0.00","0.00","0.00","0.13","1.15","2.36","61"
"501","- Nonaccrual","4.37","2.44","3.03","1.02","0.56","- Nonaccrual","4.37","0.00","0.00","0.80","2.57","7.38","13.95","22.22","61"
"512","Credit Card- 30-89 Days PD","1.39","1.78","1.83","1.95","1.67"," Credit Card- 30,-89 Days PD","1.38","0.00","0.00","0.54","1.46","2.15","2.95","3.61","50"
"521","- 90+ Days Past Due","1.00","1.30","1.28","1.19","0.84","- 90+ Days Past Due","1.00","0.00","0.00","0.00","0.90","1.90","2.56","2.81","50"
"531","- Nonaccrual","0.39","0.45","0.47","0.31","0.17","- Nonaccrual","0.38","0.00","0.00","0.00","0.00","0.52","2.11","2.70","50"
"228","Tier 1 Leverage Ratio","9.23","8.64","8.69","8.43","7.40"," Tier 1 Leverage Ratio","9.23","4.92","7.15","8.13","9.05","10.54","11.81","12.53","72"
"328","Tier 1 RBC Ratio","13.04","11.16","11.57","10.38","8.92"," Tier 1 RBC Ratio","13.04","7.52","10.07","11.49","12.41","14.54","16.28","17.79","72"
"419","Total Risk-Based Capital Ratio","15.63","13.81","14.23","13.13","11.57"," Total Risk-Based Capital Ratio","15.63","9.77","12.75","13.85","15.56","17.08","18.94","19.61","72"
"59","Tangible Tier 1 Leverage Ratio","8.94","8.33","8.34","8.12","7.05"," Tangible Tier 1 Leverage Ratio","8.94","3.83","6.42","7.75","8.80","10.25","11.17","12.13","72"
"68","Tangible Common Eq Cap/Tan Assets","7.04","5.66","5.83","4.69","5.59"," Tangible Common Eq Cap/Tan Assets","7.04","3.20","3.81","5.87","7.25","8.10","9.05","10.12","72"
"78","DERIVATIVES AND",NA,NA,NA,NA,NA," DERIVATIVES AND","","","","","","","","",NA
"88","OFF-BALANCE-SHEET TRANSACTIONS",NA,NA,NA,NA,NA," OFF-BALANCE-SHEET TRANSACTIONS","","","","","","","","",NA
"108","PERCENT OF TOTAL ASSETS:",NA,NA,NA,NA,NA," PERCENT OF TOTAL ASSETS:","","","","","","","","",NA
"117","  Loan Commitments","24.47","25.59","25.34","25.49","30.37","Loan Commitments","24.47","6.86","9.38","13.81","22.08","30.59","44.55","70.68","72"
"128","  Standby Letters of Credit","2.32","2.67","2.49","2.91","3.00","Standby Letters of Credit","2.32","0.10","0.17","0.78","1.99","3.94","5.38","6.35","72"
"138","  Commercial & Similar Letters of Credit","0.07","0.08","0.07","0.08","0.12","Commercial & Similar Letters of Credit","0.06","0.00","0.00","0.00","0.03","0.10","0.24","0.33","72"
"148","  Securities Lent","0.81","0.90","0.85","0.90","1.73","Securities Lent","0.81","0.00","0.00","0.00","0.00","0.00","3.58","10.73","72"
"158","  Credit Derivatives (BHC as Guarantor)","2.54","2.75","2.55","1.39","1.86","Credit Derivatives (BHC as Guarantor)","2.53","0.00","0.00","0.00","0.00","0.11","0.84","78.20","72"
"167","  Credit Derivatives (BHC as Beneficiary)","2.75","2.89","2.68","1.57","2.19","Credit Derivatives (BHC as Beneficiary)","2.75","0.00","0.00","0.00","0.00","0.13","2.23","82.69","72"
"177","  TYPE OF DERIVATIVE INSTRUMENT:",NA,NA,NA,NA,NA,"TYPE OF DERIVATIVE INSTRUMENT:","","","","","","","","",NA
"188","  Derivative Contracts","104.65","85.08","85.57","59.30","67.33","Derivative Contracts","104.65","0.53","1.77","5.88","16.54","52.89","301.91  147","7.29","72"
"198","  Interest Rate Contracts","80.88","67.74","65.75","44.46","47.29","Interest Rate Contracts","80.88","0.13","0.73","5.55","15.72","44.04","239.44  122","3.27","72"
"208","Interest Rate Futures & Forward Contr","15.83","11.74","9.80","8.67","7.46","Interest Rate Futures & Forward Contr","15.83","0.00","0.00","0.00","1.18","12.11","82.02","201.94","72"
"2112","Written Options Contr (Int Rate)","5.66","4.90","4.89","2.99","3.80","Written Options Contr (Int Rate)","5.65","0.00","0.00","0.08","0.81","3.03","19.46","105.38","72"
"229","Purchased Options Contr (Int Rate)","5.16","4.88","4.67","2.78","4.45","Purchased Options Contr (Int Rate)","5.15","0.00","0.00","0.00","0.19","2.41","16.07","101.13","72"
"238","Interest Rate Swaps","48.97","39.36","41.23","26.10","27.46","Interest Rate Swaps","48.96","0.00","0.00","2.66","11.77","29.20","136.62","843.86","72"
"248","  Foreign Exchange Contracts","16.83","12.90","13.13","9.07","12.36","Foreign Exchange Contracts","16.83","0.00","0.00","0.00","0.40","3.70","108.95","265.93","72"
"258","Futures & Forward Foreign Exch Contr","10.13","8.06","8.44","6.52","8.29","Futures & Forward Foreign Exch Contr","10.13","0.00","0.00","0.00","0.38","3.57","85.57","129.30","72"
"268","Written Options Contr (Foreign Exch)","0.73","0.58","0.55","0.31","0.66","Written Options Contr (Foreign Exch)","0.72","0.00","0.00","0.00","0.00","0.07","0.71","17.09","72"
"278","Purchased Options Contr (Foreign Exch)","0.73","0.59","0.54","0.31","0.66","Purchased Options Contr (Foreign Exch)","0.73","0.00","0.00","0.00","0.00","0.08","0.99","16.91","72"
"287","Foreign Exchange Rate Swaps","1.62","1.57","1.44","0.78","1.03","Foreign Exchange Rate Swaps","1.61","0.00","0.00","0.00","0.00","0.15","5.33","34.69","72"
"297","  Equity,Commodity, & Other Deriv Contr","2.70","2.33","2.60","1.78","2.14","Equity,Commodity, & Other Deriv Contr","2.70","0.00","0.00","0.00","0.00","1.79","12.10","41.24","72"
"307","Commodity & Other Fut & Forward Contr","0.29","0.23","0.24","0.14","0.14","Commodity & Other Fut & Forward Contr","0.29","0.00","0.00","0.00","0.00","0.00","0.29","7.95","72"
"3111","Written Options Contr (Comm & Other)","1.13","0.65","0.94","0.55","0.54","Written Options Contr (Comm & Other)","1.12","0.00","0.00","0.00","0.00","0.32","4.33","20.94","72"
"329","Purchased Options Contr (Comm & Oth)","0.65","0.74","0.67","0.56","0.76","Purchased Options Contr (Comm & Oth)","0.64","0.00","0.00","0.00","0.00","0.18","2.97","10.26","72"
"336","Commodity & Other Swaps","0.32","0.40","0.35","0.33","0.44","Commodity & Other Swaps","0.32","0.00","0.00","0.00","0.00","0.10","2.02","4.12","72"
"345","PERCENT OF AVERAGE LOANS AND LEASES:",NA,NA,NA,NA,NA," PERCENT OF AVERAGE LOANS AND LEASES:","","","","","","","","",NA
"355","  Loan Commitments","49.52","49.73","50.09","47.91","54.66","Loan Commitments","49.51","10.27","13.82","25.27","34.36","54.64","131.35","173.41","72"
"230","Interest Rate Contracts","88.11","87.42","89.28","86.19","85.40"," Interest Rate Contracts","88.10","7.42","37.05","83.96","95.24","99.89","100.00","100.00","72"
"330","Foreign Exchange Contracts","8.09","8.12","6.97","9.88","9.53"," Foreign Exchange Contracts","8.08","0.00","0.00","0.00","1.99","10.13","31.86","68.71","72"
"420","Equity, Comm, & Other Contracts","1.95","2.21","2.05","1.88","1.95"," Equity, Comm, & Other Contracts","1.95","0.00","0.00","0.00","0.00","2.43","10.99","17.65","72"
"510","Futures and Forwards","25.65","18.45","19.21","18.51","18.00"," Futures and Forwards","25.65","0.00","0.05","6.65","16.63","42.22","58.41","77.42","72"
"69","Written Options","10.03","7.38","7.85","7.02","5.77"," Written Options","10.02","0.00","0.00","1.56","6.71","12.01","38.14","46.83","72"
"79","  Exchange-Traded","0.27","0.27","0.26","0.35","0.36","Exchange-Traded","0.27","0.00","0.00","0.00","0.00","0.00","1.72","2.50","72"
"89","  Over-The-Counter","9.47","6.90","7.41","5.84","5.02","Over-The-Counter","9.47","0.00","0.00","1.42","6.23","10.72","36.35","46.83","72"
"98","Purchased Options","3.95","4.80","5.07","4.69","5.83"," Purchased Options","3.94","0.00","0.00","0.00","2.36","7.05","13.73","15.93","72"
"109","  Exchange-Traded","0.21","0.29","0.30","0.29","0.27","Exchange-Traded","0.21","0.00","0.00","0.00","0.00","0.00","1.44","2.32","72"
"118","  Over-The-Counter","3.50","4.29","4.52","4.12","5.13","Over-The-Counter","3.49","0.00","0.00","0.00","2.19","6.43","11.16","15.61","72"
"129","Swaps","53.79","63.88","58.12","58.16","63.98"," Swaps","53.79","0.00","0.00","29.10","65.78","81.45","90.58","98.07","72"
"139","Held for Trading","47.25","47.90","47.50","48.51","43.70"," Held for Trading","47.24","0.00","0.00","0.00","58.14","85.05","98.88","99.70","72"
"149","  Interest Rate Contracts","38.62","38.14","38.99","37.65","31.08","Interest Rate Contracts","38.62","0.00","0.00","0.00","44.41","73.18","85.80","92.07","72"
"159","  Foreign Exchange Contracts","4.02","3.83","3.58","4.45","5.60","Foreign Exchange Contracts","4.01","0.00","0.00","0.00","0.45","5.13","18.93","36.50","72"
"168","  Equity, Comm, & Other Contracts","0.95","0.95","1.05","1.04","1.14","Equity, Comm, & Other Contracts","0.95","0.00","0.00","0.00","0.00","0.46","4.66","9.74","72"
"178","Non-Traded","52.75","52.10","52.50","51.49","56.30"," Non-Traded","52.75","0.22","0.54","14.43","40.46","99.91","100.00","100.00","72"
"189","  Interest Rate Contracts","46.82","45.73","47.64","45.50","49.73","Interest Rate Contracts","46.81","0.00","0.26","10.92","31.45","81.42","100.00","100.00","72"
"199","  Foreign Exchange Contracts","1.68","1.46","1.09","1.84","0.81","Foreign Exchange Contracts","1.67","0.00","0.00","0.00","0.00","0.40","8.38","25.70","72"
"209","  Equity, Comm, & Other Contracts","0.42","0.43","0.25","0.12","0.11","Equity, Comm, & Other Contracts","0.41","0.00","0.00","0.00","0.00","0.00","0.90","9.48","72"
"2113","Deriv Contr (Excl Fut & FX LE 14 Days)","79.68","84.47","83.30","82.24","86.30"," Deriv Contr (Excl Fut & FX LE 14 Days)","79.67","23.91","33.94","65.96","88.53","96.70","99.55","100.00","72"
"2210","  One Year or Less","30.53","30.39","29.75","27.58","27.64","One Year or Less","30.52","0.15","3.16","15.34","29.05","48.26","58.81","72.09","72"
"239","  Over 1 Year to 5 Years","29.21","30.95","32.85","30.35","27.98","Over 1 Year to 5 Years","29.21","0.00","0.00","12.69","32.15","46.28","61.36","67.97","72"
"249","  Over 5 Years","12.88","14.05","12.21","13.63","19.42","Over 5 Years","12.88","0.00","0.00","2.74","12.89","21.58","28.16","42.23","72"
"259","Gross Negative Fair Value (Abs Val)","2.21","1.90","1.59","2.75","1.19"," Gross Negative Fair Value (Abs Val)","2.21","0.04","0.20","1.05","2.08","2.89","4.30","4.58","72"
"269","Gross Positive Fair Value","2.30","2.35","1.84","2.97","1.29"," Gross Positive Fair Value","2.29","0.05","0.38","1.27","2.23","3.28","4.38","4.76","72"
"279","PERCENT OF TIER 1 CAPITAL:",NA,NA,NA,NA,NA," PERCENT OF TIER 1 CAPITAL:","","","",NA,NA,NA,NA,NA,NA
"288","Gross Negative Fair Value, Abs Val (X)","0.29","0.25","0.21","0.22","0.14"," Gross Negative Fair Value, Abs Val (X)","0.29","0.00","0.00","0.01","0.05","0.18","0.87","4.31","72"
"298","Gross Positive Fair Value (X)","0.30","0.26","0.21","0.24","0.15"," Gross Positive Fair Value (X)","0.30","0.00","0.00","0.00","0.06","0.14","0.87","4.35","72"
"308","  Held for Trading (X)","0.24","0.19","0.16","0.20","0.12","Held for Trading (X)","0.24","0.00","0.00","0.00","0.02","0.10","0.83","4.18","72"
"3112","  Non-Traded (X)","0.03","0.03","0.02","0.03","0.02","Non-Traded (X)","0.03","0.00","0.00","0.00","0.00","0.06","0.11","0.17","72"
"3210","Current Credit Exposure (X)","0.12","0.11","0.09","0.14","0.09"," Current Credit Exposure (X)","0.11","0.00","0.00","0.00","0.06","0.13","0.50","0.75","72"
"337","Credit Losses on Derivative Contracts","0.02","0.02","0.02","0.02","0.00"," Credit Losses on Derivative Contracts","0.02","0.00","0.00","0.00","0.00","0.01","0.12","0.22","72"
"346","PAST DUE DERIVATIVE INSTRUMENTS",NA,NA,NA,NA,NA," PAST DUE DERIVATIVE INSTRUMENTS","","","",NA,NA,NA,NA,NA,NA
"356","FAIR VALUE:",NA,NA,NA,NA,NA," FAIR VALUE:","","","",NA,NA,NA,NA,NA,NA
"365","  30-89 Days Past Due","0.00","0.00","0.00","0.00","0.00","30-89 Days Past Due","0.00","0.00","0.00","0.00","0.00","0.00","0.00","0.04","72"
"375","  90+ Days Past Due","0.00","0.00","0.00","0.00","0.00","90+ Days Past Due","0.00","0.00","0.00","0.00","0.00","0.00","0.03","0.05","72"
"385","OTHER RATIOS:",NA,NA,NA,NA,NA," OTHER RATIOS:","","","",NA,NA,NA,NA,NA,NA
"395","Current Credit Exposure/Risk Wtd Asts","1.40","1.13","1.01","2.06","0.84"," Current Credit Exposure/Risk Wtd Asts","1.39","0.00","0.00","0.08","0.61","1.57","4.77","9.16","72"
"240","ANALYSIS RATIOS:",NA,NA,NA,NA,NA," ANALYSIS RATIOS:","","","","","","",NA,NA,NA
"338","Ins Underwriting Assets/Consol Assets","0.09","N/A","N/A","N/A","N/A"," Ins Underwriting Assets/Consol Assets","0.08","0.00","0.00","0.00","0.00","0.09","0.34","1.25","72"
"425","  Ins Under Assets(P/C)/Tot Ins Und Ast","47.20","50.09","49.97","45.50","41.42","Ins Under Assets(P/C)/Tot Ins Und Ast","47.20","0.00","0.00","0.00","23.91","97.33","100.00","100.00","32"
"513","  Ins Under Assets(L/H)/Tot Ins Und Ast","52.80","49.91","50.03","54.50","58.58","Ins Under Assets(L/H)/Tot Ins Und Ast","52.79","0.00","0.00","0.00","75.52","100.00","100.00","100.00","32"
"610","Sep Acct Assets(L/H)/Total Life Ast","1.93","2.41","2.53","1.00","0.98","Sep Acct Assets(L/H)/Total Life Ast","1.92","0.00","0.00","0.00","0.00","0.00","9.66","25.75","24"
"710","Ins Activities Revenue/Adj Oper Inc","0.93","0.92","1.08","0.98","1.21"," Ins Activities Revenue/Adj Oper Inc","0.92","0.00","0.00","0.07","0.37","1.38","2.76","5.36","72"
"810","  Premium Inc/Ins Activities Revenue","12.56","14.75","14.03","10.11","10.36","Premium Inc/Ins Activities Revenue","12.55","0.00","0.00","0.00","0.00","17.54","65.93","80.01","67"
"99","Credit Rel Prem Inc/Tot Prem Inc","67.72","64.42","62.64","79.23","73.60","Credit Rel Prem Inc/Tot Prem Inc","67.72","0.00","0.00","14.25","99.98","100.00","100.00","100.00","29"
"1010","Other Prem Inc/Total Prem Inc","32.28","35.58","37.36","20.77","26.40","Other Prem Inc/Total Prem Inc","32.27","0.00","0.00","0.00","0.00","81.75","100.00","100.00","29"
"119","Ins Under Net Income/Consol Net Income","0.48","0.43","0.35","-0.09","0.23"," Ins Under Net Income/Consol Net Income","0.48","-0.62","-0.12","0.00","0.00","0.10","3.15","4.72","72"
"1210","  Ins Net Inc (P/C)/Equity (P/C)","7.05","-5.09","-4.71","-7.24","12.02","Ins Net Inc (P/C)/Equity (P/C)","7.04","-24.56","-16.85","-0.03","6.61","17.95","22.60","26.61","21"
"1310","  Ins Net Inc (L/H)/Equity (L/H)","4.93","4.35","3.87","5.14","7.25","Ins Net Inc (L/H)/Equity (L/H)","4.93","-18.39","-1.15","0.88","2.63","7.55","17.18","19.44","24"
"1410","Insur Ben, Losses, Exp/Insur Premiums","170.12","155.22","147.73","201.66","133.41"," Insur Ben, Losses, Exp/Insur Premiums","170.12","8.83","25.71","56.15","88.69","180.45","225.39  100,2.18",NA,"29"
"1510","Reinsurance Recov(P/C)/Tot Assets(P/C)","1.75","0.99","0.92","4.01","3.09"," Reinsurance Recov(P/C)/Tot Assets(P/C)","1.75","0.00","0.00","0.00","0.00","0.28","4.62","26.76","21"
"169","Reinsurance Recov(L/H)/Tot Assets(L/H)","0.09","0.32","0.33","0.21","0.37"," Reinsurance Recov(L/H)/Tot Assets(L/H)","0.08","0.00","0.00","0.00","0.00","0.11","0.40","0.68","24"
"179","Net Assets Ins Under Subs/Cons Assets","0.01","0.02","0.02","0.01","0.00"," Net Assets Ins Under Subs/Cons Assets","0.01","0.00","0.00","0.00","0.00","0.00","0.03","0.23","72"
"1810","CSV Life Insurance/Tier 1 Cap + ALLL","9.26","9.93","9.42","10.81","13.49"," CSV Life Insurance/Tier 1 Cap + ALLL","9.26","0.00","0.00","1.01","8.16","17.06","22.56","26.22","72"
"1910","BROKER-DEALER ACTIVITIES",NA,NA,NA,NA,NA," BROKER-DEALER ACTIVITIES","","","","","","",NA,NA,NA
"2114","Net Assets Broker-Dealer Subs/Cons Asts","1.05","0.80","0.83","0.43","0.64"," Net Assets Broker-Dealer Subs/Cons Asts","1.04","0.00","0.00","0.00","0.00","0.16","2.50","21.68","72"
"2211","FOREIGN ACTIVITIES",NA,NA,NA,NA,NA," FOREIGN ACTIVITIES","","","","","","",NA,NA,NA
"2410","Yield: Foreign Loans","3.55","3.14","3.35","2.72","3.00"," Yield: Foreign Loans","3.54","0.00","0.00","0.00","1.14","3.70","17.20","21.65","56"
"2510","Cost: Interest-Bearing Deposits","0.49","0.80","0.72","2.20","4.23"," Cost: Interest-Bearing Deposits","0.48","0.12","0.14","0.21","0.34","0.57","1.14","2.13","43"
"2610","NET LOSSES AS % OF FOREIGN LNS&LS BY TYPE:",NA,NA,NA,NA,NA," NET LOSSES AS % OF FOREIGN LNS&LS BY TYPE:","","","","","","",NA,NA,NA
"2710","  Real Estate Loans","202.36","156.45","173.52","95.75","8.22","Real Estate Loans","202.35","0.36","0.36","0.39","2.20","5.00","484.82","842.98","6"
"289","  Commercial and Industrial Loans","2.26","1.49","1.51","0.49","2.70","Commercial and Industrial Loans","2.26","0.06","0.19","0.34","0.82","1.38","3.27","6.52","17"
"299","  Foreign Governments and Inst","-0.02","-0.06","0.00","0.05","-0.24","Foreign Governments and Inst","-0.01","-0.29","-0.17","0.00","0.00","0.00","0.00","0.02","14"
"309","GROWTH RATES:",NA,NA,NA,NA,NA," GROWTH RATES:","","","","","","",NA,NA,NA
"3113","Net Loans and Leases","16.15","-11.09","-6.02","21.44","126.81"," Net Loans and Leases","16.15","-92.46","-82.80","-21.28","-1.26","24.13","144.69","315.42","52"
"3211","Total Selected Assets","9.55","-3.24","4.44","3.43","126.36"," Total Selected Assets","9.55","-93.12","-81.21","-20.60","-1.25","28.72","92.14","351.20","60"
"339","Deposits","-0.10","-14.14","-12.79","-10.81","41.77"," Deposits","-0.09","-62.75","-44.68","-23.15","-0.42","10.47","34.01","155.21","42"
"250","Net Income/Avg Equity Capital","4.29","-7.01","-4.66","-3.80","8.75"," Net Income/Avg Equity Capital","4.29","-25.21","-6.57","0.02","4.82","10.04","11.94","16.88","72"
"340","Bank Net Inc/Avg Eq Inv in Banks","4.33","-1.30","-0.47","0.43","9.71"," Bank Net Inc/Avg Eq Inv in Banks","4.32","-34.64","-8.45","0.05","5.26","9.47","13.89","17.83","62"
"426","Nonbk Net Inc/Avg Eq Inv in Nonbanks","4.22","-1.18","-1.85","-2.26","6.73"," Nonbk Net Inc/Avg Eq Inv in Nonbanks","4.22","-12.75","-6.84","-0.40","2.28","9.20","18.01","28.22","67"
"514","Sub BHCs Net Inc/Avg Eq Inv in Sub BHCs","4.86","-6.42","-6.78","-3.66","6.54"," Sub BHCs Net Inc/Avg Eq Inv in Sub BHCs","4.86","-20.55","-2.52","-0.02","3.93","9.37","11.13","12.19","25"
"611","Bank Net Income/Parent Net Income","75.41","84.76","85.55","97.91","78.21"," Bank Net Income/Parent Net Income","75.41","0.00","0.00","1.25","101.73","112.33","133.74","170.01","55"
"711","Nonbank Net Income/Parent Net Income","13.53","15.32","6.83","4.75","5.89"," Nonbank Net Income/Parent Net Income","13.53","0.00","0.00","0.24","5.33","14.36","39.67","153.75","41"
"811","Sub BHCs Net Inc/Parent Net Income","82.56","83.92","84.00","80.03","73.87"," Sub BHCs Net Inc/Parent Net Income","82.56","3.54","8.94","60.44","96.62","106.70","115.10","125.57","16"
"910","LEVERAGE:",NA,NA,NA,NA,NA," LEVERAGE:","","","","","",NA,NA,NA,NA
"1011","Total Liabilities/Equity","35.98","44.80","37.77","31.64","34.44"," Total Liabilities/Equity","35.97","0.31","1.71","12.33","21.76","45.67","96.56","194.20","72"
"1110","Total Debt/Equity Capital","20.24","21.23","19.62","16.06","16.48"," Total Debt/Equity Capital","20.23","0.00","0.00","0.00","7.45","26.88","75.51","144.12","72"
"1211","Tot Debt+NP to Subs Iss Tr Pref/Equity","28.41","34.39","29.93","25.78","26.01"," Tot Debt+NP to Subs Iss Tr Pref/Equity","28.40","0.00","0.00","9.27","19.44","40.05","82.81","151.33","72"
"1311","Tot Debt+Lns Guaranteed for Affl/Equity","23.67","24.15","23.12","17.80","18.53"," Tot Debt+Lns Guaranteed for Affl/Equity","23.66","0.00","0.00","0.00","7.90","31.58","78.61","182.74","72"
"1411","Total Debt/Eq Cap - Exc Over Fair Value","20.34","21.58","19.95","16.24","16.69"," Total Debt/Eq Cap - Exc Over Fair Value","20.33","0.00","0.00","0.00","7.45","27.54","75.64","144.63","72"
"1511","Long-Term Debt/Equity Capital","16.22","16.24","15.74","11.65","11.89"," Long-Term Debt/Equity Capital","16.21","0.00","0.00","0.00","4.19","23.97","61.85","120.56","72"
"1610","Short-Term Debt/Equity Capital","3.41","3.91","3.30","3.22","3.73"," Short-Term Debt/Equity Capital","3.40","0.00","0.00","0.00","0.00","4.56","11.92","38.81","72"
"1710","Current Portion of LT Debt/Equity","0.41","0.25","0.14","0.18","0.05"," Current Portion of LT Debt/Equity","0.40","0.00","0.00","0.00","0.00","0.00","1.23","6.03","72"
"1811","Exc Cost Over Fair Value/Equity Cap","0.23","0.29","0.30","0.27","0.29"," Exc Cost Over Fair Value/Equity Cap","0.23","0.00","0.00","0.00","0.00","0.19","1.27","2.46","72"
"1911","Long-Term Debt/Consolidated LT Debt","15.65","15.32","14.79","13.53","12.74"," Long-Term Debt/Consolidated LT Debt","15.64","0.00","0.00","0.00","5.82","31.65","54.10","65.42","72"
"2010","DOUBLE LEVERAGE:",NA,NA,NA,NA,NA," DOUBLE LEVERAGE:","","","","","",NA,NA,NA,NA
"2115","Equity Investment in Subs/Equity","107.82","111.30","108.81","105.00","112.58"," Equity Investment in Subs/Equity","107.82","88.40","91.51","97.10","104.18","117.06","129.33","145.60","72"
"2212","Total Investment in Subs/Equity","119.43","126.52","121.39","115.05","122.25"," Total Investment in Subs/Equity","119.42","94.02","96.84","100.75","108.96","128.59","167.03","229.83","72"
"2310","Eq Inv Sub/Eq Cap,QualTPS+Oth PS in T1","98.86","100.82","98.86","94.03","100.34"," Eq Inv Sub/Eq Cap,QualTPS+Oth PS in T1","98.86","78.03","84.23","91.26","97.46","103.10","118.22","133.92","72"
"2411","Tot Inv Sub/Eq Cap,QualTPS+Oth PS in T1","109.56","114.72","110.22","103.03","108.48"," Tot Inv Sub/Eq Cap,QualTPS+Oth PS in T1","109.56","86.66","89.86","95.18","99.25","113.93","158.38","207.08","72"
"2511","DOUBLE LEVERAGE PAYBACK:",NA,NA,NA,NA,NA," DOUBLE LEVERAGE PAYBACK:","","","","","",NA,NA,NA,NA
"2611","Equity Inv in Subs - Eq Cap/Net Inc (X)","2.69","0.81","2.10","1.91","1.65"," Equity Inv in Subs - Eq Cap/Net Inc (X)","2.69","-4.24","-1.27","-0.25","0.83","2.54","12.23","22.85","55"
"2711","Eq Inv in Subs - Eq Cap/Net Inc-Div (X)","9.79","6.71","9.08","6.67","4.89"," Eq Inv in Subs - Eq Cap/Net Inc-Div (X)","9.78","0.20","0.88","1.18","2.80","12.00","36.59","43.39","33"
"2810","COVERAGE ANALYSIS:",NA,NA,NA,NA,NA," COVERAGE ANALYSIS:","","","","","",NA,NA,NA,NA
"2910","Op Inc-Tax + Noncash/Oper Exp + Div","81.08","82.65","84.29","93.34","131.72"," Op Inc-Tax + Noncash/Oper Exp + Div","81.07","10.30","17.45","40.08","64.37","114.25","158.60","228.22","72"
"3010","Cash Fl Fr Op+Noncash+Op Ex/Op Ex+Div","92.28","99.50","98.42","96.96","138.88"," Cash Fl Fr Op+Noncash+Op Ex/Op Ex+Div","92.27  -12","1.33","0.97","38.30","78.65","122.96","220.84","332.13","72"
"3114","Adj Cash Fl/Op Exp+Repaid LT Debt+Div","84.63","71.90","71.15","170.72","96.06"," Adj Cash Fl/Op Exp+Repaid LT Debt+Div","84.63  -37","8.91  -19","0.19","40.63","99.97","125.90","278.87","341.13","72"
"3212","Pretax Oper Inc + Int Exp/Int Expense","-32.21","612.98","174.07","955.41","5442.83"," Pretax Oper Inc + Int Exp/Int Expense","-32.20  -48","8.72  -13","6.77  -12","4.41","40.95","266.28  138,2.03  274,6.54",NA,NA,"53"
"3310","Div + Int From Subs/Int Exp + Div","78.98","70.73","78.11","108.98","165.84"," Div + Int From Subs/Int Exp + Div","78.97","0.40","1.43","5.27","40.67","116.65","249.33","391.91","68"
"347","Fees+Other Inc From Subs/Sal + Oth Exp","21.75","13.58","13.88","13.99","15.70"," Fees+Other Inc From Subs/Sal + Oth Exp","21.75","0.00","0.00","0.00","0.00","52.01","85.64","126.55","71"
"357","Net Inc/Curr Port of LT Debt+Pfd Div(X)","11.94","5.76","58.66","36.46","348.50"," Net Inc/Curr Port of LT Debt+Pfd Div(X)","11.94","0.04","0.36","1.24","3.16","14.07","32.23","73.53","31"
"366","OTHER RATIOS:",NA,NA,NA,NA,NA," OTHER RATIOS:","","","","","",NA,NA,NA,NA
"376","Net Assets Repr in 1 Yr/Total Assets","4.81","5.00","5.35","4.97","-0.11"," Net Assets Repr in 1 Yr/Total Assets","4.80","-12.16","-6.33","0.00","3.29","10.29","15.83","19.34","72"
"386","PAST DUE AND NONACCRUAL AS % OF LNS&LS:",NA,NA,NA,NA,NA," PAST DUE AND NONACCRUAL AS % OF LNS&LS:","","","","","",NA,NA,NA,NA
"396","  90+ Days Past Due","0.00","0.00","0.00","0.00","0.00","90+ Days Past Due","0.00","0.00","0.00","0.00","0.00","0.00","0.00","0.00","20"
"405","  Nonaccrual","0.12","0.15","0.07","8.55","0.66","Nonaccrual","0.11","0.00","0.00","0.00","0.00","0.00","0.50","1.69","20"
"4110","Total","0.25","0.29","0.21","8.55","0.66","Total","0.24","0.00","0.00","0.00","0.00","0.00","1.69","2.53","20"
"427","GUARANTEED LOANS AS % OF EQUITY CAP:",NA,NA,NA,NA,NA," GUARANTEED LOANS AS % OF EQUITY CAP:","","","","","",NA,NA,NA,NA
"434","  To Bank Subsidiaries","0.00","0.00","0.00","0.01","0.00","To Bank Subsidiaries","0.00","0.00","0.00","0.00","0.00","0.00","0.00","0.00","72"
"443","  To Nonbank Subsidiaries","1.19","1.40","1.17","0.60","0.48","To Nonbank Subsidiaries","1.18","0.00","0.00","0.00","0.00","0.00","4.64","24.04","72"
"453","  To Subsidiary BHCs","0.00","0.00","0.00","0.00","0.00","To Subsidiary BHCs","0.00","0.00","0.00","0.00","0.00","0.00","0.00","0.00","72"
"463","Total","1.30","1.53","1.31","0.86","0.60","Total","1.30","0.00","0.00","0.00","0.00","0.00","4.64","28.23","72"
"473","AS A % OF CONSOLIDATED BHC ASSETS:",NA,NA,NA,NA,NA," AS A % OF CONSOLIDATED BHC ASSETS:","","","","","",NA,NA,NA,NA
"483","Nonbank Assets of Nonbank Subsidiaries","7.17","6.62","6.28","4.34","5.39"," Nonbank Assets of Nonbank Subsidiaries","7.17","0.00","0.00","0.08","1.39","5.12","37.57","57.43","72"
"493","  Combined Thrift Assets","0.29","0.23","0.10","0.38","0.23","Combined Thrift Assets","0.29","0.00","0.00","0.00","0.00","0.00","0.61","6.87","72"
"502","  Combined Foreign Nonbank Sub Assets","0.76","0.55","0.59","0.09","0.11","Combined Foreign Nonbank Sub Assets","0.76","0.00","0.00","0.00","0.00","0.02","1.62","13.78","72"
"260","Div Paid/Inc Before Undist Inc","205.13","101.79","106.22","121.59","71.25"," Div Paid/Inc Before Undist Inc","205.13","0.00","0.00","12.52","68.40","98.35","547.47  196,7.75",NA,"35"
"348","Dividends Paid/Net Income","32.80","80.86","59.69","76.66","50.51"," Dividends Paid/Net Income","32.79","0.00","0.00","5.15","28.56","51.59","87.61","101.54","55"
"428","Net Income - Dividends/Avg Equity","2.32","-9.53","-7.11","-8.10","3.66"," Net Income - Dividends/Avg Equity","2.31","-26.18","-6.66","-1.16","2.36","7.08","10.70","12.28","72"
"515","PERCENT OF DIVIDENDS PAID:",NA,NA,NA,NA,NA," PERCENT OF DIVIDENDS PAID:","","","","","",NA,NA,NA,NA
"612","  Dividends From Bank Subs","36.50","52.86","59.53","76.03","129.55","Dividends From Bank Subs","36.49","0.00","0.00","0.00","0.00","45.93","161.00","275.99","56"
"712","  Dividends From Nonbank Subs","7.67","5.78","7.18","4.14","8.12","Dividends From Nonbank Subs","7.67","0.00","0.00","0.00","0.33","8.08","31.82","62.00","56"
"812","  Dividends From Subsidiary BHCs","13.84","5.45","7.04","12.71","16.03","Dividends From Subsidiary BHCs","13.83","0.00","0.00","0.00","0.00","0.00","104.32","148.89","56"
"911","Dividends From All Subsidiaries","84.91","72.66","85.50","111.97","194.05","Dividends From All Subsidiaries","84.91","0.00","0.00","0.18","16.91","122.07","324.48","609.16","56"
"1012","PAYOUT RATIOS - SUBSIDIARIES:",NA,NA,NA,NA,NA," PAYOUT RATIOS - SUBSIDIARIES:","","","","","",NA,NA,NA,NA
"1111","  PERCENT OF BANK NET INCOME:",NA,NA,NA,NA,NA,"PERCENT OF BANK NET INCOME:","","","","","",NA,NA,NA,NA
"1212","Dividends From Bank Subs","19.73","57.85","60.08","93.93","86.39","Dividends From Bank Subs","19.72","0.00","0.00","0.00","0.00","48.00","66.00","100.00","47"
"1312","Interest Income From Bank Subs","2.35","2.13","2.70","5.45","4.07","Interest Income From Bank Subs","2.35","0.00","0.00","0.00","0.27","3.06","10.22","16.54","47"
"1412","Mgt & Service Fees From Bank Subs","4.52","261.60","17.89","8.83","4.86","Mgt & Service Fees From Bank Subs","4.51","0.00","0.00","0.00","0.00","2.85","27.90","49.89","47"
"1512","Other Income From Bank Subs","0.40","0.44","0.55","0.18","0.04","Other Income From Bank Subs","0.40","0.00","0.00","0.00","0.00","0.00","0.04","11.25","47"
"1611","Operating Income From Bank Subs","45.82","855.88","86.28","135.43","104.62","Operating Income From Bank Subs","45.82","0.00","0.09","1.85","25.28","67.77","105.92","345.98","47"
"1711","  PERCENT OF NONBANK NET INCOME:",NA,NA,NA,NA,NA,"PERCENT OF NONBANK NET INCOME:","","","","","",NA,NA,NA,NA
"1812","Dividends From Nonbank Subs","75.58","79.68","64.43","62.85","80.92","Dividends From Nonbank Subs","75.57","0.00","0.00","0.00","13.98","105.33","282.35","581.35","46"
"1912","Interest Income From Nonbank Subs","43.89","41.13","61.19","14.32","60.61","Interest Income From Nonbank Subs","43.89","0.00","0.00","0.00","5.52","41.87","146.00","560.48","46"
"2011","Mgt & Serv Fees From Nonbank Subs","2.65","4.66","3.43","4.47","2.56","Mgt & Serv Fees From Nonbank Subs","2.65","0.00","0.00","0.00","0.00","0.00","14.21","45.98","46"
"2116","Other Income From Nonbank Subs","0.09","0.00","0.99","0.01","0.03","Other Income From Nonbank Subs","0.09","0.00","0.00","0.00","0.00","0.00","0.09","2.18","46"
"2213","Operating Inc From Nonbank Subs","148.77","143.83","142.10","89.90","188.18","Operating Inc From Nonbank Subs","148.76","0.00","0.00","13.37","66.66","204.48","658.97","737.04","46"
"2311","  PERCENT OF SUB BHCs' NET INCOME:",NA,NA,NA,NA,NA,"PERCENT OF SUB BHCs' NET INCOME:","","","","","",NA,NA,NA,NA
"2412","Dividends From Subsidiary BHCs","43.87","29.41","56.34","134.04","38.68","Dividends From Subsidiary BHCs","43.86","0.00","0.00","0.00","0.00","45.77","123.36","170.57","18"
"2512","Interest Inc From Subsidiary BHCs","11.57","4.71","5.09","20.51","8.74","Interest Inc From Subsidiary BHCs","11.57","0.00","0.00","0.00","0.00","0.37","13.81","41.52","18"
"2612","Mgt & Serv Fees From Sub BHCs","3.62","4.63","2.15","3.96","1.78","Mgt & Serv Fees From Sub BHCs","3.62","0.00","0.00","0.00","0.00","0.01","12.39","21.98","18"
"2712","Other Income From Subsidiary BHCs","0.00","0.00","0.00","0.00","0.00","Other Income From Subsidiary BHCs","0.00","0.00","0.00","0.00","0.00","0.00","0.00","0.00","18"
"2811","Operating Income From Sub BHCs","59.06","38.75","63.58","158.51","54.91","Operating Income From Sub BHCs","59.06","0.00","0.00","0.01","10.33","45.77","165.45","327.46","18"
"2911","DEPENDENCE ON SUBSIDIARIES:",NA,NA,NA,NA,NA," DEPENDENCE ON SUBSIDIARIES:","","","","","",NA,NA,NA,NA
"3011","  PERCENT OF TOTAL OPERATING INCOME:",NA,NA,NA,NA,NA,"PERCENT OF TOTAL OPERATING INCOME:","","","","","",NA,NA,NA,NA
"3115","Dividends From Bank Subsidiaries","17.07","30.43","32.78","48.64","57.87","Dividends From Bank Subsidiaries","17.06","0.00","0.00","0.00","0.00","26.11","96.20","99.18","71"
"3213","Interest Income From Bank Subs","7.56","5.97","6.16","5.08","2.70","Interest Income From Bank Subs","7.55","0.00","0.00","0.00","0.46","9.93","35.06","60.08","71"
"3311","Mgt & Serv Fees From Bank Subs","11.93","6.35","7.26","4.24","2.72","Mgt & Serv Fees From Bank Subs","11.92","0.00","0.00","0.00","0.00","4.14","74.13","81.54","71"
"349","Other Income From Bank Subs","0.09","0.00","0.03","0.09","0.01","Other Income From Bank Subs","0.09","0.00","0.00","0.00","0.00","0.00","0.07","2.63","71"
"358","Operating Income From Bank Subs","47.25","51.13","55.15","68.46","69.02","Operating Income From Bank Subs","47.24","0.00","0.00","0.59","53.51","94.68","99.59","101.85","71"
"367","Dividends From Nonbank Subs","10.26","4.48","5.44","3.96","3.79","Dividends From Nonbank Subs","10.25","0.00","0.00","0.00","0.10","8.59","56.56","83.43","71"
"377","Interest Income From Nonbank Subs","4.58","5.20","4.19","2.40","1.80","Interest Income From Nonbank Subs","4.57","0.00","0.00","0.00","0.35","4.56","26.93","32.07","71"
"387","Mgt & Serv Fees From Nonbank Subs","0.22","0.10","0.10","0.09","0.07","Mgt & Serv Fees From Nonbank Subs","0.21","0.00","0.00","0.00","0.00","0.00","1.18","3.02","71"
"397","Other Income From Nonbank Subs","0.00","0.00","0.00","0.00","0.00","Other Income From Nonbank Subs","0.00","0.00","0.00","0.00","0.00","0.00","0.00","0.05","71"
"406","Operating Inc From Nonbank Subs","18.93","13.34","12.71","8.49","6.46","Operating Inc From Nonbank Subs","18.93","0.00","0.00","0.02","4.64","29.75","82.79","88.76","71"
"4111","Dividends From Subsidiary BHCs","5.23","2.86","3.66","9.98","9.19","Dividends From Subsidiary BHCs","5.23","0.00","0.00","0.00","0.00","0.00","31.64","76.36","71"
"429","Interest Inc From Subsidiary BHCs","0.43","0.81","0.71","0.91","0.58","Interest Inc From Subsidiary BHCs","0.43","0.00","0.00","0.00","0.00","0.00","3.80","5.86","71"
"435","Mgt & Serv Fees From Sub BHCs","0.00","0.01","0.01","0.03","0.00","Mgt & Serv Fees From Sub BHCs","0.00","0.00","0.00","0.00","0.00","0.00","0.00","0.11","71"
"444","Other Income From Subsidiary BHCs","0.00","0.00","0.00","0.00","0.00","Other Income From Subsidiary BHCs","0.00","0.00","0.00","0.00","0.00","0.00","0.00","0.00","71"
"454","Operating Income From Sub BHCs","8.49","6.54","6.85","14.04","12.75","Operating Income From Sub BHCs","8.48","0.00","0.00","0.00","0.00","0.04","65.15","83.00","71"
"464","  Loans and Adv From Subs/ST Debt","352.26","1331.40","585.90","307.18","1079.59","Loans and Adv From Subs/ST Debt","352.26","0.00","0.00","44.46","169.30","418.12  111,1.05  227,6.21",NA,NA,"28"
"474","  Loans and Adv From Subs/Total Debt","99.48","94.30","130.59","86.37","124.27","Loans and Adv From Subs/Total Debt","99.47","0.00","0.00","10.05","44.48","138.70","409.86","461.64","49"
