"","X","X12.31.2015","X12.31.2014","X12.31.2013","X12.31.2012","X12.31.2011","X","RATIO","5%","10%","25%","50%","75%","90%","95%","Count"
"2","Div Paid/Inc Before Undist Inc","84.08","69.31","50.95","64.35","69.45 "," Div Paid/Inc Before Undist Inc","84.08","0.00","0.11","30.59","64.86","105.54","304.33","380.36","82 "
"3","Dividends Paid/Net Income","27.78","27.42","27.33","25.15","24.90 "," Dividends Paid/Net Income","27.77","0.00","0.00","10.91","28.73","42.87","58.58","72.67","90 "
"4","Net Income - Dividends/Avg Equity","5.34","5.69","5.85","5.50","4.71 "," Net Income - Dividends/Avg Equity","5.34","-1.38","1.25","3.25","5.02","7.13","9.54","12.38","93 "
"6","PERCENT OF DIVIDENDS PAID: ",NA,NA,NA,NA,NA," PERCENT OF DIVIDENDS PAID: ","","","","","",NA,NA,NA,NA
"7","  Dividends From Bank Subs","114.67","117.63","143.01","161.00","117.14 ","Dividends From Bank Subs","114.67","0.00","0.00","1.90","100.76","191.92","346.42","399.90","80 "
"8","  Dividends From Nonbank Subs","7.85","16.50","49.06","19.39","17.32 ","Dividends From Nonbank Subs","7.84","0.00","0.00","0.00","0.10","6.01","43.80","102.16","80 "
"9","  Dividends From Subsidiary BHCs","13.24","19.97","27.64","35.97","44.17 ","Dividends From Subsidiary BHCs","13.24","0.00","0.00","0.00","0.00","0.00","105.22","210.65","80 "
"10","Dividends From All Subsidiaries","167.07","198.41","307.20","277.66","229.85 ","Dividends From All Subsidiaries","167.07","0.00","9.04","78.62","122.26","235.34","370.95","533.42","80 "
"12","PAYOUT RATIOS - SUBSIDIARIES: ",NA,NA,NA,NA,NA," PAYOUT RATIOS - SUBSIDIARIES: ","","","","","",NA,NA,NA,NA
"13","  PERCENT OF BANK NET INCOME: ",NA,NA,NA,NA,NA,"PERCENT OF BANK NET INCOME: ","","","","","",NA,NA,NA,NA
"14","Dividends From Bank Subs","45.42","46.43","55.82","52.35","37.26 ","Dividends From Bank Subs","45.42","0.00","0.00","10.93","50.19","74.94","100.00","112.40","78 "
"15","Interest Income From Bank Subs","0.61","0.82","0.66","0.67","1.07 ","Interest Income From Bank Subs","0.61","0.00","0.00","0.00","0.05","0.77","2.19","6.18","78 "
"16","Mgt & Service Fees From Bank Subs","2.94","3.75","2.96","1.99","5.53 ","Mgt & Service Fees From Bank Subs","2.93","0.00","0.00","0.00","0.00","1.05","16.40","30.01","78 "
"17","Other Income From Bank Subs","0.02","0.01","0.00","0.00","0.02 ","Other Income From Bank Subs","0.01","0.00","0.00","0.00","0.00","0.00","0.00","0.35","78 "
"18","Operating Income From Bank Subs","53.21","55.85","65.38","63.78","50.83 ","Operating Income From Bank Subs","53.21","0.00","0.00","20.00","54.33","77.70","105.57","160.12","78 "
"20","  PERCENT OF NONBANK NET INCOME: ",NA,NA,NA,NA,NA,"PERCENT OF NONBANK NET INCOME: ","","","","","",NA,NA,NA,NA
"21","Dividends From Nonbank Subs","66.61","46.97","47.06","46.23","67.04 ","Dividends From Nonbank Subs","66.60","0.00","0.00","0.00","27.04","100.00","214.42","575.72","68 "
"22","Interest Income From Nonbank Subs","5.56","4.33","8.36","8.57","15.70 ","Interest Income From Nonbank Subs","5.56","0.00","0.00","0.00","0.89","5.11","25.19","58.01","68 "
"23","Mgt & Serv Fees From Nonbank Subs","1.84","2.10","2.70","4.75","2.98 ","Mgt & Serv Fees From Nonbank Subs","1.83","0.00","0.00","0.00","0.00","0.00","6.71","34.42","68 "
"24","Other Income From Nonbank Subs","0.48","0.43","0.14","0.19","0.52 ","Other Income From Nonbank Subs","0.47","-1.14","0.00","0.00","0.00","0.00","0.10","14.82","68 "
"25","Operating Inc From Nonbank Subs","114.19","67.86","71.58","97.04","107.01 ","Operating Inc From Nonbank Subs","114.18","0.00","0.00","7.11","56.27","134.35","314.43  108,0.47",NA,"68 "
"26","  PERCENT OF SUB BHCs' NET INCOME: ",NA,NA,NA,NA,NA,"PERCENT OF SUB BHCs' NET INCOME: ","","","","","",NA,NA,NA,NA
"27","Dividends From Subsidiary BHCs","65.66","48.92","37.61","49.24","47.86 ","Dividends From Subsidiary BHCs","65.65","0.00","0.00","27.54","57.00","85.87","132.38","242.47","20 "
"28","Interest Inc From Subsidiary BHCs","0.20","0.96","0.22","0.28","1.02 ","Interest Inc From Subsidiary BHCs","0.19","0.00","0.00","0.00","0.00","0.01","0.60","2.45","20 "
"29","Mgt & Serv Fees From Sub BHCs","0.62","0.93","0.91","0.92","1.15 ","Mgt & Serv Fees From Sub BHCs","0.62","0.00","0.00","0.00","0.00","0.00","0.00","11.80","20 "
"30","Other Income From Subsidiary BHCs","0.00","0.00","0.00","0.00","0.00 ","Other Income From Subsidiary BHCs","0.00","0.00","0.00","0.00","0.00","0.00","0.00","0.00","20 "
"31","Operating Income From Sub BHCs","109.82","66.14","39.60","51.87","51.44 ","Operating Income From Sub BHCs","109.82","0.00","0.00","43.13","61.06","107.84","242.47","799.09","20 "
"33","DEPENDENCE ON SUBSIDIARIES: ",NA,NA,NA,NA,NA," DEPENDENCE ON SUBSIDIARIES: ","","","","","",NA,NA,NA,NA
"34","  PERCENT OF TOTAL OPERATING INCOME: ",NA,NA,NA,NA,NA,"PERCENT OF TOTAL OPERATING INCOME: ","","","","","",NA,NA,NA,NA
"35","Dividends From Bank Subsidiaries","52.69","53.75","47.64","42.98","37.13 ","Dividends From Bank Subsidiaries","52.69","0.00","0.00","0.00","74.24","97.71","99.58","99.97","92 "
"36","Interest Income From Bank Subs","0.84","0.78","0.74","1.17","2.30 ","Interest Income From Bank Subs","0.83","0.00","0.00","0.00","0.11","0.70","4.48","9.57","92 "
"37","Mgt & Serv Fees From Bank Subs","3.20","2.64","1.47","1.48","5.07 ","Mgt & Serv Fees From Bank Subs","3.19","0.00","0.00","0.00","0.00","0.38","18.30","41.51","92 "
"38","Other Income From Bank Subs","0.09","0.06","0.05","0.00","0.00 ","Other Income From Bank Subs","0.09","0.00","0.00","0.00","0.00","0.00","0.05","3.09","92 "
"39","Operating Income From Bank Subs","63.09","64.63","58.38","50.87","52.88 ","Operating Income From Bank Subs","63.08","0.00","0.00","13.59","87.91","98.55","99.81","99.98","92 "
"41","Dividends From Nonbank Subs","5.22","3.54","6.52","6.48","6.77 ","Dividends From Nonbank Subs","5.21","0.00","0.00","0.00","0.06","4.37","30.22","43.10","92 "
"42","Interest Income From Nonbank Subs","2.16","0.91","1.15","2.49","3.16 ","Interest Income From Nonbank Subs","2.15","0.00","0.00","0.00","0.00","0.67","7.73","39.52","92 "
"43","Mgt & Serv Fees From Nonbank Subs","0.16","0.29","0.38","0.39","0.31 ","Mgt & Serv Fees From Nonbank Subs","0.16","0.00","0.00","0.00","0.00","0.00","0.45","3.81","92 "
"44","Other Income From Nonbank Subs","0.12","0.13","0.03","0.07","0.03 ","Other Income From Nonbank Subs","0.11","-0.06","0.00","0.00","0.00","0.00","0.03","3.57","92 "
"45","Operating Inc From Nonbank Subs","11.51","8.96","11.47","13.08","13.76 ","Operating Inc From Nonbank Subs","11.50","0.00","0.00","0.02","1.30","21.08","57.43","75.67","92 "
"47","Dividends From Subsidiary BHCs","7.18","8.65","10.03","10.75","10.01 ","Dividends From Subsidiary BHCs","7.18","0.00","0.00","0.00","0.00","0.00","69.21","88.86","92 "
"48","Interest Inc From Subsidiary BHCs","0.01","0.02","0.04","0.08","0.26 ","Interest Inc From Subsidiary BHCs","0.01","0.00","0.00","0.00","0.00","0.00","0.00","0.51","92 "
"49","Mgt & Serv Fees From Sub BHCs","0.00","0.00","0.00","0.00","0.00 ","Mgt & Serv Fees From Sub BHCs","0.00","0.00","0.00","0.00","0.00","0.00","0.00","0.00","92 "
"50","Other Income From Subsidiary BHCs","0.00","0.00","0.00","0.00","0.00 ","Other Income From Subsidiary BHCs","0.00","0.00","0.00","0.00","0.00","0.00","0.00","0.00","92 "
"51","Operating Income From Sub BHCs","7.90","9.52","10.99","12.34","12.02 ","Operating Income From Sub BHCs","7.90","0.00","0.00","0.00","0.00","0.00","69.21","89.12","92 "
"53","  Loans and Adv From Subs/ST Debt","118.43","100.26","101.37","188.63","302.33 ","Loans and Adv From Subs/ST Debt","118.43","0.00","0.00","3.05","52.49","205.70","420.63","573.96","25 "
"54","  Loans and Adv From Subs/Total Debt","30.54","26.79","31.33","28.76","58.39 ","Loans and Adv From Subs/Total Debt","30.53","0.00","0.00","0.07","11.99","45.66","124.01","271.25","67 "
