"","Rank","Institution Name (RSSD ID)","Location","06/30/2013 Total Assets"
"1",1,"JPMORGAN CHASE & CO. (1039502)","NEW YORK, NY","$2,439,494,000"
"2",2,"BANK OF AMERICA CORPORATION (1073757)","CHARLOTTE, NC","$2,125,686,000"
"3",3,"CITIGROUP INC. (1951350)","NEW YORK, NY","$1,883,988,000"
"4",4,"WELLS FARGO & COMPANY (1120754)","SAN FRANCISCO, CA","$1,440,563,000"
"5",5,"GOLDMAN SACHS GROUP, INC., THE (2380443)","NEW YORK, NY","$938,611,000"
"6",6,"MORGAN STANLEY (2162966)","NEW YORK, NY","$802,691,000"
"7",7,"AMERICAN INTERNATIONAL GROUP, INC. (1562176)","NEW YORK, NY","$537,438,000"
"8",8,"GENERAL ELECTRIC CAPITAL CORPORATION (1631915)","NORWALK, CT","$529,030,139"
"9",9,"BANK OF NEW YORK MELLON CORPORATION, THE (3587146)","NEW YORK, NY","$360,514,000"
"10",10,"U.S. BANCORP (1119794)","MINNEAPOLIS, MN","$353,415,000"
"11",11,"HSBC NORTH AMERICA HOLDINGS INC. (3232316)","NEW YORK, NY","$319,108,739"
"12",12,"PNC FINANCIAL SERVICES GROUP, INC., THE (1069778)","PITTSBURGH, PA","$304,547,667"
"13",13,"CAPITAL ONE FINANCIAL CORPORATION (2277860)","MCLEAN, VA","$296,670,314"
"14",14,"TEACHERS INSURANCE & ANNUITY ASSOCIATION OF AMERICA (1607170)","NEW YORK, NY","$243,168,123"
"15",15,"TD BANK US HOLDING COMPANY (1249196)","PORTLAND, ME","$228,945,721"
"16",16,"STATE STREET CORPORATION (1111435)","BOSTON, MA","$226,985,363"
"17",17,"PRINCIPAL FINANCIAL GROUP, INC. (3853449)","DES MOINES, IA","$196,512,705"
"18",18,"BB&T CORPORATION (1074156)","WINSTON SALEM, NC","$182,735,153"
"19",19,"NATIONWIDE MUTUAL INSURANCE COMPANY (3828072)","COLUMBUS, OH","$172,019,212"
"20",20,"SUNTRUST BANKS, INC. (1131787)","ATLANTA, GA","$171,609,928"
"21",21,"AMERICAN EXPRESS COMPANY (1275216)","NEW YORK, NY","$151,980,000"
"22",22,"ALLY FINANCIAL INC. (1562859)","DETROIT, MI","$150,627,000"
"23",23,"CHARLES SCHWAB CORPORATION, THE (1026632)","SAN FRANCISCO, CA","$135,907,000"
"24",24,"FIFTH THIRD BANCORP (1070345)","CINCINNATI, OH","$122,642,935"
"25",25,"UNITED SERVICES AUTOMOBILE ASSOCIATION (1447376)","SAN ANTONIO, TX","$120,296,114"
"26",26,"STATE FARM MUTUAL AUTOMOBILE INSURANCE COMPANY (3840207)","BLOOMINGTON, IL","$119,778,457"
"27",27,"REGIONS FINANCIAL CORPORATION (3242838)","BIRMINGHAM, AL","$118,782,563"
"28",28,"RBS CITIZENS FINANCIAL GROUP, INC. (1132449)","PROVIDENCE, RI","$118,137,679"
"29",29,"BMO FINANCIAL CORP. (1245415)","WILMINGTON, DE","$112,349,784"
"30",30,"UNIONBANCAL CORPORATION (1378434)","SAN FRANCISCO, CA","$102,261,564"
"31",31,"NORTHERN TRUST CORPORATION (1199611)","CHICAGO, IL","$97,236,008"
"32",32,"KEYCORP (1068025)","CLEVELAND, OH","$90,858,779"
"33",33,"M&T BANK CORPORATION (1037003)","BUFFALO, NY","$83,229,005"
"34",34,"BANCWEST CORPORATION (1025608)","HONOLULU, HI","$80,069,917"
"35",35,"SANTANDER HOLDINGS USA, INC. (3981856)","BOSTON, MA","$79,218,184"
"36",36,"THRIVENT FINANCIAL FOR LUTHERANS (3173736)","MINNEAPOLIS, MN","$78,901,854"
"37",37,"DISCOVER FINANCIAL SERVICES (3846375)","RIVERWOODS, IL","$74,944,466"
"38",38,"DEUTSCHE BANK TRUST CORPORATION (1032473)","NEW YORK, NY","$71,992,000"
"39",39,"BBVA COMPASS BANCSHARES, INC. (1078529)","HOUSTON, TX","$69,674,976"
"40",40,"COMERICA INCORPORATED (1199844)","DALLAS, TX","$63,013,097"
"41",41,"HUNTINGTON BANCSHARES INCORPORATED (1068191)","COLUMBUS, OH","$56,113,687"
"42",42,"ZIONS BANCORPORATION (1027004)","SALT LAKE CITY, UT","$54,904,540"
"43",43,"UTRECHT-AMERICA HOLDINGS, INC. (2307280)","NEW YORK, NY","$48,612,915"
"44",44,"E*TRADE FINANCIAL CORPORATION (3412583)","NEW YORK, NY","$45,006,525"
"45",45,"CIT GROUP INC. (1036967)","LIVINGSTON, NJ","$44,631,022"
"46",46,"NEW YORK COMMUNITY BANCORP, INC. (2132932)","WESTBURY, NY","$44,185,838"
"47",47,"HUDSON CITY BANCORP, INC. (2367556)","PARAMUS, NJ","$39,696,453"
"48",48,"FIRST NIAGARA FINANCIAL GROUP, INC. (2648693)","BUFFALO, NY","$37,171,775"
"49",49,"POPULAR, INC. (1129382)","SAN JUAN, PR","$36,685,000"
"50",50,"MUTUAL OF OMAHA INSURANCE COMPANY (1583836)","OMAHA, NE","$31,386,118"
"51",51,"PEOPLE'S UNITED FINANCIAL, INC. (3650152)","BRIDGEPORT, CT","$31,317,391"
"52",52,"JOHN DEERE CAPITAL CORPORATION (3843075)","RENO, NV","$30,737,599"
"53",53,"BOK FINANCIAL CORPORATION (1883693)","TULSA, OK","$27,806,179"
"54",54,"CITY NATIONAL CORPORATION (1027518)","LOS ANGELES, CA","$27,379,501"
"55",55,"SYNOVUS FINANCIAL CORP. (1078846)","COLUMBUS, GA","$26,563,174"
"56",56,"IMB HOLDCO LLC (3923614)","PASADENA, CA","$25,468,760"
"57",57,"FIRST HORIZON NATIONAL CORPORATION (1094640)","MEMPHIS, TN","$25,134,331"
"58",58,"SCOTTRADE FINANCIAL SERVICES, INC. (3242735)","TOWN AND COUNTRY, MO","$24,571,720"
"59",59,"ASSOCIATED BANC-CORP (1199563)","GREEN BAY, WI","$23,616,944"
"60",60,"FIRSTMERIT CORPORATION (1070804)","AKRON, OH","$23,534,261"
"61",61,"EAST WEST BANCORP, INC. (2734233)","PASADENA, CA","$23,314,135"
"62",62,"CULLEN/FROST BANKERS, INC. (1102367)","SAN ANTONIO, TX","$22,596,340"
"63",63,"RAYMOND JAMES FINANCIAL, INC. (3815157)","SAINT PETERSBURG, FL","$22,214,191"
"64",64,"SVB FINANCIAL GROUP (1031449)","SANTA CLARA, CA","$22,165,054"
"65",65,"COMMERCE BANCSHARES, INC. (1049341)","KANSAS CITY, MO","$21,921,322"
"66",66,"FIRST CITIZENS BANCSHARES, INC. (1075612)","RALEIGH, NC","$21,308,822"
"67",67,"MACY'S, INC. (4103310)","CINCINNATI, OH","$21,039,759"
"68",68,"WEBSTER FINANCIAL CORPORATION (1145476)","WATERBURY, CT","$20,334,463"
"69",69,"BARCLAYS DELAWARE HOLDINGS LLC (2938451)","WILMINGTON, DE","$20,307,832"
"70",70,"HANCOCK HOLDING COMPANY (1086533)","GULFPORT, MS","$18,954,524"
"71",71,"AMERITAS MUTUAL HOLDING COMPANY (3910641)","LINCOLN, NE","$18,554,575"
"72",72,"TCF FINANCIAL CORPORATION (2389941)","WAYZATA, MN","$18,432,662"
"73",73,"EVERBANK FINANCIAL CORP (3838857)","JACKSONVILLE, FL","$18,362,872"
"74",74,"SUSQUEHANNA BANCSHARES, INC. (1117156)","LITITZ, PA","$18,083,039"
"75",75,"WINTRUST FINANCIAL CORPORATION (2260406)","ROSEMONT, IL","$17,613,546"
"76",76,"FULTON FINANCIAL CORPORATION (1117129)","LANCASTER, PA","$17,001,720"
"77",77,"PROSPERITY BANCSHARES, INC. (1109599)","HOUSTON, TX","$16,275,854"
"78",78,"ASTORIA FINANCIAL CORPORATION (2504128)","LAKE SUCCESS, NY","$16,101,065"
"79",79,"VALLEY NATIONAL BANCORP (1048773)","WAYNE, NJ","$15,977,202"
"80",80,"FIRST NATIONAL OF NEBRASKA, INC. (1020902)","OMAHA, NE","$15,466,494"
"81",81,"UMB FINANCIAL CORPORATION (1049828)","KANSAS CITY, MO","$15,253,217"
"82",82,"FRANKLIN RESOURCES, INC. (1246216)","SAN MATEO, CA","$15,214,337"
"83",83,"ARVEST BANK GROUP, INC. (1095674)","BENTONVILLE, AR","$14,160,917"
"84",84,"BANK OF HAWAII CORPORATION (1025309)","HONOLULU, HI","$13,787,068"
"85",85,"PRIVATEBANCORP, INC. (1839319)","CHICAGO, IL","$13,476,493"
"86",86,"INVESTORS BANCORP, MHC (2477754)","SHORT HILLS, NJ","$13,314,260"
"87",87,"BANKUNITED, INC. (4028712)","MIAMI LAKES, FL","$13,233,425"
"88",88,"BANCORPSOUTH, INC. (1097614)","TUPELO, MS","$13,220,451"
"89",89,"FIRSTBANK HOLDING COMPANY (1060627)","LAKEWOOD, CO","$13,022,264"
"90",90,"WASHINGTON FEDERAL, INC. (3065617)","SEATTLE, WA","$13,012,483"
"91",91,"MODERN WOODMEN OF AMERICA (3057395)","ROCK ISLAND, IL","$12,950,314"
"92",92,"IBERIABANK CORPORATION (2291914)","LAFAYETTE, LA","$12,823,503"
"93",93,"FIRST BANCORP (2744894)","SAN JUAN, PR","$12,803,169"
"94",94,"FLAGSTAR BANCORP, INC. (3852022)","TROY, MI","$12,735,017"
"95",95,"F.N.B. CORPORATION (3005332)","HERMITAGE, PA","$12,573,391"
"96",96,"APPLE FINANCIAL HOLDINGS, INC. (3446412)","NEW YORK, NY","$11,991,050"
"97",97,"TRUSTMARK CORPORATION (1079562)","JACKSON, MS","$11,863,312"
"98",98,"INTERNATIONAL BANCSHARES CORPORATION (1104231)","LAREDO, TX","$11,596,913"
"99",99,"UMPQUA HOLDINGS CORPORATION (2747644)","PORTLAND, OR","$11,396,288"
"100",100,"THIRD FEDERAL SAVINGS AND LOAN OF CLEVELAND, MHC (3828036)","CLEVELAND, OH","$11,136,501"
"101",101,"TEXAS CAPITAL BANCSHARES, INC. (2706735)","DALLAS, TX","$10,978,295"
"102",102,"CATHAY GENERAL BANCORP (1843080)","LOS ANGELES, CA","$10,603,235"
"103",103,"CENTRAL BANCOMPANY, INC (1094314)","JEFFERSON CITY, MO","$10,481,397"
"104",104,"HAWAIIAN ELECTRIC INDUSTRIES, INC. (3842957)","HONOLULU, HI","$10,238,145"
