"","Rank","Institution Name (RSSD ID)","Location","09/30/2013 Total Assets"
"1",1,"JPMORGAN CHASE & CO. (1039502)","NEW YORK, NY","$2,463,309,000"
"2",2,"BANK OF AMERICA CORPORATION (1073757)","CHARLOTTE, NC","$2,128,706,000"
"3",3,"CITIGROUP INC. (1951350)","NEW YORK, NY","$1,899,511,000"
"4",4,"WELLS FARGO & COMPANY (1120754)","SAN FRANCISCO, CA","$1,488,055,000"
"5",5,"GOLDMAN SACHS GROUP, INC., THE (2380443)","NEW YORK, NY","$923,359,000"
"6",6,"MORGAN STANLEY (2162966)","NEW YORK, NY","$832,223,000"
"7",7,"AMERICAN INTERNATIONAL GROUP, INC. (1562176)","NEW YORK, NY","$540,744,000"
"8",8,"GENERAL ELECTRIC CAPITAL CORPORATION (1631915)","NORWALK, CT","$528,643,825"
"9",9,"BANK OF NEW YORK MELLON CORPORATION, THE (3587146)","NEW YORK, NY","$371,957,000"
"10",10,"U.S. BANCORP (1119794)","MINNEAPOLIS, MN","$360,681,000"
"11",11,"HSBC NORTH AMERICA HOLDINGS INC. (3232316)","NEW YORK, NY","$309,312,154"
"12",12,"PNC FINANCIAL SERVICES GROUP, INC., THE (1069778)","PITTSBURGH, PA","$308,912,603"
"13",13,"CAPITAL ONE FINANCIAL CORPORATION (2277860)","MCLEAN, VA","$290,217,687"
"14",14,"TEACHERS INSURANCE & ANNUITY ASSOCIATION OF AMERICA (1607170)","NEW YORK, NY","$247,467,518"
"15",15,"TD BANK US HOLDING COMPANY (1249196)","PORTLAND, ME","$231,673,130"
"16",16,"STATE STREET CORPORATION (1111435)","BOSTON, MA","$216,751,956"
"17",17,"PRINCIPAL FINANCIAL GROUP, INC. (3853449)","DES MOINES, IA","$201,687,384"
"18",18,"BB&T CORPORATION (1074156)","WINSTON SALEM, NC","$181,050,008"
"19",19,"SUNTRUST BANKS, INC. (1131787)","ATLANTA, GA","$172,033,106"
"20",20,"ALLY FINANCIAL INC. (1562859)","DETROIT, MI","$150,556,000"
"21",21,"AMERICAN EXPRESS COMPANY (1275216)","NEW YORK, NY","$150,152,000"
"22",22,"CHARLES SCHWAB CORPORATION, THE (1026632)","SAN FRANCISCO, CA","$140,211,000"
"23",23,"FIFTH THIRD BANCORP (1070345)","CINCINNATI, OH","$124,939,419"
"24",24,"STATE FARM MUTUAL AUTOMOBILE INSURANCE COMPANY (3840207)","BLOOMINGTON, IL","$124,091,801"
"25",25,"UNITED SERVICES AUTOMOBILE ASSOCIATION (1447376)","SAN ANTONIO, TX","$121,758,503"
"26",26,"RBS CITIZENS FINANCIAL GROUP, INC. (1132449)","PROVIDENCE, RI","$120,738,247"
"27",27,"REGIONS FINANCIAL CORPORATION (3242838)","BIRMINGHAM, AL","$116,937,255"
"28",28,"BMO FINANCIAL CORP. (1245415)","WILMINGTON, DE","$113,051,766"
"29",29,"UNIONBANCAL CORPORATION (1378434)","SAN FRANCISCO, CA","$105,492,129"
"30",30,"NORTHERN TRUST CORPORATION (1199611)","CHICAGO, IL","$95,969,501"
"31",31,"KEYCORP (1068025)","CLEVELAND, OH","$91,016,413"
"32",32,"M&T BANK CORPORATION (1037003)","BUFFALO, NY","$84,427,485"
"33",33,"BANCWEST CORPORATION (1025608)","HONOLULU, HI","$81,729,444"
"34",34,"SANTANDER HOLDINGS USA, INC. (3981856)","BOSTON, MA","$77,070,780"
"35",35,"DISCOVER FINANCIAL SERVICES (3846375)","RIVERWOODS, IL","$75,544,201"
"36",36,"THRIVENT FINANCIAL FOR LUTHERANS (3173736)","MINNEAPOLIS, MN","$70,540,953"
"37",37,"BBVA COMPASS BANCSHARES, INC. (1078529)","HOUSTON, TX","$70,087,078"
"38",38,"DEUTSCHE BANK TRUST CORPORATION (1032473)","NEW YORK, NY","$66,067,000"
"39",39,"COMERICA INCORPORATED (1199844)","DALLAS, TX","$64,723,310"
"40",40,"HUNTINGTON BANCSHARES INCORPORATED (1068191)","COLUMBUS, OH","$56,648,251"
"41",41,"ZIONS BANCORPORATION (1027004)","SALT LAKE CITY, UT","$55,188,312"
"42",42,"UTRECHT-AMERICA HOLDINGS, INC. (2307280)","NEW YORK, NY","$52,259,755"
"43",43,"CIT GROUP INC. (1036967)","LIVINGSTON, NJ","$46,223,981"
"44",44,"NEW YORK COMMUNITY BANCORP, INC. (2132932)","WESTBURY, NY","$45,764,133"
"45",45,"E*TRADE FINANCIAL CORPORATION (3412583)","NEW YORK, NY","$45,547,479"
"46",46,"HUDSON CITY BANCORP, INC. (2367556)","PARAMUS, NJ","$39,186,560"
"47",47,"FIRST NIAGARA FINANCIAL GROUP, INC. (2648693)","BUFFALO, NY","$37,380,836"
"48",48,"POPULAR, INC. (1129382)","SAN JUAN, PR","$36,052,000"
"49",49,"NATIONWIDE MUTUAL INSURANCE COMPANY (3828072)","COLUMBUS, OH","$32,483,356"
"50",50,"MUTUAL OF OMAHA INSURANCE COMPANY (1583836)","OMAHA, NE","$32,117,623"
"51",51,"JOHN DEERE CAPITAL CORPORATION (3843075)","RENO, NV","$31,546,545"
"52",52,"PEOPLE'S UNITED FINANCIAL, INC. (3650152)","BRIDGEPORT, CT","$31,497,138"
"53",53,"CITY NATIONAL CORPORATION (1027518)","LOS ANGELES, CA","$29,059,404"
"54",54,"BOK FINANCIAL CORPORATION (1883693)","TULSA, OK","$27,174,025"
"55",55,"SYNOVUS FINANCIAL CORP. (1078846)","COLUMBUS, GA","$26,218,360"
"56",56,"SCOTTRADE FINANCIAL SERVICES, INC. (3242735)","TOWN AND COUNTRY, MO","$24,752,027"
"57",57,"EAST WEST BANCORP, INC. (2734233)","PASADENA, CA","$24,493,454"
"58",58,"IMB HOLDCO LLC (3923614)","PASADENA, CA","$24,269,655"
"59",59,"FIRST HORIZON NATIONAL CORPORATION (1094640)","MEMPHIS, TN","$24,194,150"
"60",60,"FIRSTMERIT CORPORATION (1070804)","AKRON, OH","$24,140,030"
"61",61,"SVB FINANCIAL GROUP (1031449)","SANTA CLARA, CA","$23,757,075"
"62",62,"ASSOCIATED BANC-CORP (1199563)","GREEN BAY, WI","$23,688,675"
"63",63,"CULLEN/FROST BANKERS, INC. (1102367)","SAN ANTONIO, TX","$23,566,006"
"64",64,"RAYMOND JAMES FINANCIAL, INC. (3815157)","SAINT PETERSBURG, FL","$23,186,120"
"65",65,"COMMERCE BANCSHARES, INC. (1049341)","KANSAS CITY, MO","$22,462,282"
"66",66,"FIRST CITIZENS BANCSHARES, INC. (1075612)","RALEIGH, NC","$21,511,352"
"67",67,"BARCLAYS DELAWARE HOLDINGS LLC (2938451)","WILMINGTON, DE","$21,025,405"
"68",68,"WEBSTER FINANCIAL CORPORATION (1145476)","WATERBURY, CT","$20,614,348"
"69",69,"MACY'S, INC. (4103310)","CINCINNATI, OH","$20,430,578"
"70",70,"HANCOCK HOLDING COMPANY (1086533)","GULFPORT, MS","$18,820,201"
"71",71,"AMERITAS MUTUAL HOLDING COMPANY (3910641)","LINCOLN, NE","$18,787,220"
"72",72,"SUSQUEHANNA BANCSHARES, INC. (1117156)","LITITZ, PA","$18,481,150"
"73",73,"TCF FINANCIAL CORPORATION (2389941)","WAYZATA, MN","$18,417,601"
"74",74,"WINTRUST FINANCIAL CORPORATION (2260406)","ROSEMONT, IL","$17,682,548"
"75",75,"EVERBANK FINANCIAL CORP (3838857)","JACKSONVILLE, FL","$17,612,089"
"76",76,"FULTON FINANCIAL CORPORATION (1117129)","LANCASTER, PA","$17,023,087"
"77",77,"UMB FINANCIAL CORPORATION (1049828)","KANSAS CITY, MO","$16,184,233"
"78",78,"PROSPERITY BANCSHARES, INC. (1109599)","HOUSTON, TX","$16,060,463"
"79",79,"ASTORIA FINANCIAL CORPORATION (2504128)","LAKE SUCCESS, NY","$16,022,089"
"80",80,"FIRST NATIONAL OF NEBRASKA, INC. (1020902)","OMAHA, NE","$15,977,890"
"81",81,"VALLEY NATIONAL BANCORP (1048773)","WAYNE, NJ","$15,976,943"
"82",82,"FRANKLIN RESOURCES, INC. (1246216)","SAN MATEO, CA","$15,280,194"
"83",83,"BANKUNITED, INC. (4028712)","MIAMI LAKES, FL","$14,308,014"
"84",84,"ARVEST BANK GROUP, INC. (1095674)","BENTONVILLE, AR","$13,986,055"
"85",85,"BANK OF HAWAII CORPORATION (1025309)","HONOLULU, HI","$13,916,694"
"86",86,"PRIVATEBANCORP, INC. (1839319)","CHICAGO, IL","$13,869,140"
"87",87,"INVESTORS BANCORP, MHC (2477754)","SHORT HILLS, NJ","$13,751,425"
"88",88,"FIRSTBANK HOLDING COMPANY (1060627)","LAKEWOOD, CO","$13,169,177"
"89",89,"IBERIABANK CORPORATION (2291914)","LAFAYETTE, LA","$13,145,077"
"90",90,"MODERN WOODMEN OF AMERICA (3057395)","ROCK ISLAND, IL","$13,130,667"
"91",91,"WASHINGTON FEDERAL, INC. (3065617)","SEATTLE, WA","$13,082,859"
"92",92,"BANCORPSOUTH, INC. (1097614)","TUPELO, MS","$12,930,641"
"93",93,"F.N.B. CORPORATION (3005332)","HERMITAGE, PA","$12,790,279"
"94",94,"FIRST BANCORP (2744894)","SAN JUAN, PR","$12,787,450"
"95",95,"INTERNATIONAL BANCSHARES CORPORATION (1104231)","LAREDO, TX","$12,076,658"
"96",96,"APPLE FINANCIAL HOLDINGS, INC. (3446412)","NEW YORK, NY","$11,888,008"
"97",97,"FLAGSTAR BANCORP, INC. (3852022)","TROY, MI","$11,807,815"
"98",98,"TRUSTMARK CORPORATION (1079562)","JACKSON, MS","$11,805,197"
"99",99,"UMPQUA HOLDINGS CORPORATION (2747644)","PORTLAND, OR","$11,573,058"
"100",100,"THIRD FEDERAL SAVINGS AND LOAN OF CLEVELAND, MHC (3828036)","CLEVELAND, OH","$11,269,306"
"101",101,"CATHAY GENERAL BANCORP (1843080)","LOS ANGELES, CA","$10,821,446"
"102",102,"TEXAS CAPITAL BANCSHARES, INC. (2706735)","DALLAS, TX","$10,797,757"
"103",103,"CENTRAL BANCOMPANY, INC (1094314)","JEFFERSON CITY, MO","$10,443,416"
"104",104,"HAWAIIAN ELECTRIC INDUSTRIES, INC. (3842957)","HONOLULU, HI","$10,429,012"
"105",105,"COUNTRY LIFE INSURANCE COMPANY (3825204)","BLOOMINGTON, IL","$10,047,710"
"106",106,"STERLING FINANCIAL CORPORATION (3152245)","SPOKANE, WA","$10,012,700"
