NAME,DT,ID_RSSD,RISK2170,RISKB989,RISKM334,RISKM335,RISKM336,RISKM337,RISKM338,RISKM339,RISKM340,RISKM341,RISKM342,RISKM343,RISKM344,RISKM718,RISKM346,RISKM347,RISKM348,RISKM349,RISKM350,RISKM351,RISKJ458,RISKM352,RISKM353,RISKM354,RISKM345,RISKM355,RISKM356,RISKM357,RISKM358,RISKM359,RISKM360,RISKM361,RISKM362,RISKM363,RISKM364,RISKM365,RISKM366,RISKM367,RISKM368,RISKM369,RISKM370,RISKM371,RISKM372,RISKM373,RISK2309,RISKM374,RISKM375,RISKM376,RISKM377,RISKM378,RISKM379,RISKM380,RISKM381,RISKM382,RISKM383,RISKM384,RISKM385,RISKM386,RISKM387,RISKM388,RISKM389,RISKM390,RISKM405,RISKM406,RISKM407,RISKM408,RISKM409,RISKM410,RISKM411,RISKM412,RISKM413,RISK1773,RISKM414,RISKM415,RISKM416,RISKM417,RISKM418,RISKM419,RISKM420,RISKM421,RISK1754,RISKG506,RISKM422,RISKM423,RISKM424,RISKM425,RISKM426,RISK2948,RISKM427,RISKM428,RISKM429,RISKM430,RISKM431,RISKM432,RISKM433,RISKM434,RISKM435,RISKM436,RISKM437,RISKC490,RISKJ196,RISK8901,RISK8902,RISK9116,RISK4086,RISKN506,RISKN507,RISKN508,RISKN509,RISKN510,RISKN511,RISKN255
----,--,-------,--------,--------,--------,--------,--------,--------,--------,--------,--------,--------,--------,--------,--------,--------,--------,--------,--------,--------,--------,--------,--------,--------,--------,--------,--------,--------,--------,--------,--------,--------,--------,--------,--------,--------,--------,--------,--------,--------,--------,--------,--------,--------,--------,--------,--------,--------,--------,--------,--------,--------,--------,--------,--------,--------,--------,--------,--------,--------,--------,--------,--------,--------,--------,--------,--------,--------,--------,--------,--------,--------,--------,--------,--------,--------,--------,--------,--------,--------,--------,--------,--------,--------,--------,--------,--------,--------,--------,--------,--------,--------,--------,--------,--------,--------,--------,--------,--------,--------,--------,--------,--------,--------,--------,--------,--------,--------,--------,--------,--------,--------,--------,--------
JPMORGAN CHASE & CO.                                                                                                    ,20121231,1039502,2359141000,414430000,<NULL>,<NULL>,<NULL>,<NULL>,<NULL>,<NULL>,3020949000,<NULL>,<NULL>,<NULL>,<NULL>,<NULL>,<NULL>,<NULL>,<NULL>,<NULL>,3494373100,<NULL>,44287000,<NULL>,<NULL>,<NULL>,<NULL>,<NULL>,<NULL>,<NULL>,<NULL>,<NULL>,<NULL>,<NULL>,516334000,<NULL>,<NULL>,<NULL>,<NULL>,<NULL>,<NULL>,<NULL>,551400000,<NULL>,<NULL>,40130000,72596000,<NULL>,<NULL>,547772000,<NULL>,<NULL>,<NULL>,<NULL>,<NULL>,<NULL>,<NULL>,<NULL>,<NULL>,<NULL>,<NULL>,<NULL>,<NULL>,332286147000,16514235000,<NULL>,<NULL>,518348000,<NULL>,<NULL>,65547647000,<NULL>,<NULL>,368362000,681347000,<NULL>,<NULL>,<NULL>,<NULL>,<NULL>,<NULL>,<NULL>,7000,99148000,749535000,<NULL>,<NULL>,<NULL>,670852000,2154273000,<NULL>,95343000,<NULL>,106496000,<NULL>,<NULL>,<NULL>,<NULL>,<NULL>,<NULL>,<NULL>,<NULL>,<NULL>,<NULL>,<NULL>,<NULL>,<NULL>,<NULL>,<NULL>,<NULL>,<NULL>,<NULL>,<NULL>,<NULL>
BANK OF AMERICA CORPORATION                                                                                             ,20121231,1073757,2212004452,235336851,<NULL>,<NULL>,<NULL>,<NULL>,<NULL>,<NULL>,1600314843,<NULL>,<NULL>,<NULL>,<NULL>,<NULL>,<NULL>,<NULL>,<NULL>,<NULL>,2777980794,<NULL>,14268713,<NULL>,<NULL>,<NULL>,<NULL>,<NULL>,<NULL>,<NULL>,<NULL>,<NULL>,<NULL>,<NULL>,350803072,<NULL>,<NULL>,<NULL>,<NULL>,<NULL>,<NULL>,<NULL>,251635813,<NULL>,<NULL>,41078993,100075,<NULL>,<NULL>,476435663,<NULL>,<NULL>,<NULL>,<NULL>,<NULL>,<NULL>,<NULL>,<NULL>,<NULL>,<NULL>,<NULL>,<NULL>,<NULL>,69124181012,117686000,<NULL>,<NULL>,276917400,<NULL>,<NULL>,59144337304,<NULL>,<NULL>,291630375,528856375,<NULL>,<NULL>,<NULL>,<NULL>,<NULL>,<NULL>,<NULL>,49480678,36586973,512449000,<NULL>,<NULL>,<NULL>,234613000,1974901668,<NULL>,82155117,<NULL>,98897364,<NULL>,<NULL>,<NULL>,<NULL>,<NULL>,<NULL>,<NULL>,<NULL>,<NULL>,<NULL>,<NULL>,<NULL>,<NULL>,<NULL>,<NULL>,<NULL>,<NULL>,<NULL>,<NULL>,<NULL>
STATE STREET CORPORATION                                                                                                ,20121231,1111435,222229483,5015541,<NULL>,<NULL>,<NULL>,<NULL>,<NULL>,<NULL>,0,<NULL>,<NULL>,<NULL>,<NULL>,<NULL>,<NULL>,<NULL>,<NULL>,<NULL>,265741905,<NULL>,1977662,<NULL>,<NULL>,<NULL>,<NULL>,<NULL>,<NULL>,<NULL>,<NULL>,<NULL>,<NULL>,<NULL>,21606697,<NULL>,<NULL>,<NULL>,<NULL>,<NULL>,<NULL>,<NULL>,185648900,<NULL>,<NULL>,2571310,2318161,<NULL>,<NULL>,44228629,<NULL>,<NULL>,<NULL>,<NULL>,<NULL>,<NULL>,<NULL>,<NULL>,<NULL>,<NULL>,<NULL>,<NULL>,<NULL>,58627542828,17806141900,<NULL>,<NULL>,0,<NULL>,<NULL>,911846317,<NULL>,<NULL>,109836743,110319193,<NULL>,<NULL>,<NULL>,<NULL>,<NULL>,<NULL>,<NULL>,11378924,6979705,50554327,<NULL>,<NULL>,<NULL>,107123000,201358291,<NULL>,9987987,<NULL>,10467873,<NULL>,<NULL>,<NULL>,<NULL>,<NULL>,<NULL>,<NULL>,<NULL>,<NULL>,<NULL>,<NULL>,<NULL>,<NULL>,<NULL>,<NULL>,<NULL>,<NULL>,<NULL>,<NULL>,<NULL>
WELLS FARGO & COMPANY                                                                                                   ,20121231,1120754,1422968000,38777000,<NULL>,<NULL>,<NULL>,<NULL>,<NULL>,<NULL>,26455000,<NULL>,<NULL>,<NULL>,<NULL>,<NULL>,<NULL>,<NULL>,<NULL>,<NULL>,1813355400,<NULL>,16526000,<NULL>,<NULL>,<NULL>,<NULL>,<NULL>,<NULL>,<NULL>,<NULL>,<NULL>,<NULL>,<NULL>,123122000,<NULL>,<NULL>,<NULL>,<NULL>,<NULL>,<NULL>,<NULL>,82582000,<NULL>,<NULL>,33982000,4039000,<NULL>,<NULL>,374696000,<NULL>,<NULL>,<NULL>,<NULL>,<NULL>,<NULL>,<NULL>,<NULL>,<NULL>,<NULL>,<NULL>,<NULL>,<NULL>,31756516000,2200000000,<NULL>,<NULL>,85611000,<NULL>,<NULL>,3836339000,<NULL>,<NULL>,235199000,271254000,<NULL>,<NULL>,<NULL>,<NULL>,<NULL>,<NULL>,<NULL>,0,51879000,59238000,<NULL>,<NULL>,<NULL>,107944000,1264057000,<NULL>,86134000,<NULL>,91295000,<NULL>,<NULL>,<NULL>,<NULL>,<NULL>,<NULL>,<NULL>,<NULL>,<NULL>,<NULL>,<NULL>,<NULL>,<NULL>,<NULL>,<NULL>,<NULL>,<NULL>,<NULL>,<NULL>,<NULL>
CITIGROUP INC.                                                                                                          ,20121231,1951350,1864660000,261214000,<NULL>,<NULL>,<NULL>,<NULL>,<NULL>,<NULL>,1346494000,<NULL>,<NULL>,<NULL>,<NULL>,<NULL>,<NULL>,<NULL>,<NULL>,<NULL>,2619678300,<NULL>,38435000,<NULL>,<NULL>,<NULL>,<NULL>,<NULL>,<NULL>,<NULL>,<NULL>,<NULL>,<NULL>,<NULL>,387048000,<NULL>,<NULL>,<NULL>,<NULL>,<NULL>,<NULL>,<NULL>,494696000,<NULL>,<NULL>,33858000,11470000,<NULL>,<NULL>,613546000,<NULL>,<NULL>,<NULL>,<NULL>,<NULL>,<NULL>,<NULL>,<NULL>,<NULL>,<NULL>,<NULL>,<NULL>,<NULL>,177932534000,10690466000,<NULL>,<NULL>,353824000,<NULL>,<NULL>,50929889000,<NULL>,<NULL>,288695000,533431000,<NULL>,<NULL>,<NULL>,<NULL>,<NULL>,<NULL>,<NULL>,10130000,49312000,893550000,<NULL>,<NULL>,<NULL>,794157000,1673663000,<NULL>,68836000,<NULL>,88619000,<NULL>,<NULL>,<NULL>,<NULL>,<NULL>,<NULL>,<NULL>,<NULL>,<NULL>,<NULL>,<NULL>,<NULL>,<NULL>,<NULL>,<NULL>,<NULL>,<NULL>,<NULL>,<NULL>,<NULL>
MORGAN STANLEY                                                                                                          ,20121231,2162966,780960000,256113000,<NULL>,<NULL>,<NULL>,<NULL>,<NULL>,<NULL>,1897846000,<NULL>,<NULL>,<NULL>,<NULL>,<NULL>,<NULL>,<NULL>,<NULL>,<NULL>,1068551000,<NULL>,58816000,<NULL>,<NULL>,<NULL>,<NULL>,<NULL>,<NULL>,<NULL>,<NULL>,<NULL>,<NULL>,<NULL>,523543000,<NULL>,<NULL>,<NULL>,<NULL>,<NULL>,<NULL>,<NULL>,214741000,<NULL>,<NULL>,10672000,306000,<NULL>,<NULL>,226556000,<NULL>,<NULL>,<NULL>,<NULL>,<NULL>,<NULL>,<NULL>,<NULL>,<NULL>,<NULL>,<NULL>,<NULL>,<NULL>,12464002000,154615000,<NULL>,<NULL>,290236000,<NULL>,<NULL>,44278852000,<NULL>,<NULL>,39869000,416550000,<NULL>,<NULL>,<NULL>,<NULL>,<NULL>,<NULL>,<NULL>,0,27371000,469260000,<NULL>,<NULL>,<NULL>,411396000,711223000,<NULL>,25954000,<NULL>,31878000,<NULL>,<NULL>,<NULL>,<NULL>,<NULL>,<NULL>,<NULL>,<NULL>,<NULL>,<NULL>,<NULL>,<NULL>,<NULL>,<NULL>,<NULL>,<NULL>,<NULL>,<NULL>,<NULL>,<NULL>
"GOLDMAN SACHS GROUP, INC., THE                                                                                          ",20121231,2380443,938770000,287162000,<NULL>,<NULL>,<NULL>,<NULL>,<NULL>,<NULL>,1756464000,<NULL>,<NULL>,<NULL>,<NULL>,<NULL>,<NULL>,<NULL>,<NULL>,<NULL>,1337411700,<NULL>,9216000,<NULL>,<NULL>,<NULL>,<NULL>,<NULL>,<NULL>,<NULL>,<NULL>,<NULL>,<NULL>,<NULL>,323120000,<NULL>,<NULL>,<NULL>,<NULL>,<NULL>,<NULL>,<NULL>,128579000,<NULL>,<NULL>,21663000,884000,<NULL>,<NULL>,321501000,<NULL>,<NULL>,<NULL>,<NULL>,<NULL>,<NULL>,<NULL>,<NULL>,<NULL>,<NULL>,<NULL>,<NULL>,<NULL>,12965823000,0,<NULL>,<NULL>,293000000,<NULL>,<NULL>,41151555000,<NULL>,<NULL>,9021000,321758000,<NULL>,<NULL>,<NULL>,<NULL>,<NULL>,<NULL>,<NULL>,0,50675000,366197000,<NULL>,<NULL>,<NULL>,234431000,862546000,<NULL>,35768000,<NULL>,41551000,<NULL>,<NULL>,<NULL>,<NULL>,<NULL>,<NULL>,<NULL>,<NULL>,<NULL>,<NULL>,<NULL>,<NULL>,<NULL>,<NULL>,<NULL>,<NULL>,<NULL>,<NULL>,<NULL>,<NULL>
"BANK OF NEW YORK MELLON CORPORATION, THE                                                                                ",20121231,3587146,359301000,6581000,<NULL>,<NULL>,<NULL>,<NULL>,<NULL>,<NULL>,0,<NULL>,<NULL>,<NULL>,<NULL>,<NULL>,<NULL>,<NULL>,<NULL>,<NULL>,680253000,<NULL>,5054000,<NULL>,<NULL>,<NULL>,<NULL>,<NULL>,<NULL>,<NULL>,<NULL>,<NULL>,<NULL>,<NULL>,84470000,<NULL>,<NULL>,<NULL>,<NULL>,<NULL>,<NULL>,<NULL>,203596000,<NULL>,<NULL>,2797000,338000,<NULL>,<NULL>,48262000,<NULL>,<NULL>,<NULL>,<NULL>,<NULL>,<NULL>,<NULL>,<NULL>,<NULL>,<NULL>,<NULL>,<NULL>,<NULL>,146201294000,22471935000,<NULL>,<NULL>,5339000,<NULL>,<NULL>,1109777000,<NULL>,<NULL>,92619000,97747000,<NULL>,<NULL>,<NULL>,<NULL>,<NULL>,<NULL>,<NULL>,8205000,315000,97688000,<NULL>,<NULL>,<NULL>,150023000,321858000,<NULL>,14487000,<NULL>,15021000,<NULL>,<NULL>,<NULL>,<NULL>,<NULL>,<NULL>,<NULL>,<NULL>,<NULL>,<NULL>,<NULL>,<NULL>,<NULL>,<NULL>,<NULL>,<NULL>,<NULL>,<NULL>,<NULL>,<NULL>
